query_id,gallery_id,confidence
023e0bc57181433b8e33e39996ae5333,7f7df745c917452f9ef1a48d6d568043,0.9742001398686551
02a965d89ec143089a81a260ddc2e840,14467bd96a0f4d319b154441da9b447c,0.9720856867779788
04976306894d46e6be2df1c2bc16046b,0e35875033164a7e8fe2aaf7a2a2de71,0.8340764523986706
0dc64fca41254f7c8ade0a421ed3065a,58f7cfb785ee4d149b8128587a410c66,0.9831167503927257
1993368f65a4457f992f0494e4d9f61c,82c36620a85d4f77afb5f980a5dbc677,0.7691181791209891
1ee0c3dbbcc6426d97290988799ee735,ed90c9732ed34546a0a5616d2ae1f3de,0.9128255125986725
2a49b89dfde442f5a932c5480fdaa6e2,721367067d9843f28ede7152d74ea899,0.9461632727394956
2ed72c56e5014e6a9f480ac4714427f5,b1ea10c9e6b04cca88b7775b87f0b6e0,0.7765302789495194
3efadec7956c468e90eb05ff16913883,89dd6a52ebe34d2f83dffec9740acd83,0.8371229128097963
4018563cc4ae4a9b9403292c6e4a4237,158ef8c1b78948b6b47ebf724412840a,0.9643209417497973
4111b3ef03484a65ab73554e9a9ec2dd,e725afe7d0e34925a9aa76bafe4360ab,0.9479273867094375
4334561fe16e451e9360ec35d068931d,8b357e20060146ddba8ab4d42de796a7,0.9751036424384502
46eadf04e85840b89b1e3dd8da11cef4,6214e33cf768413cb557ae5413a4f5d7,0.8638806312048903
5253c8a74f094dab97be64c1342d559c,d8d7b294c4bf45b28b61be878e5996d6,0.9385013099029346
5295405f8e7240c9a04c75bca2f39b78,fbf2ed525da44d3da4f45de49b276a44,0.883708503960154
58a4ef54c36f4b63ba8018da4b6d2dd6,6e442a26be194681af1b7417020f1d76,0.9531550239846591
58faa2f6fa6a4bda955483b33c60a538,2eeb795215de4de495cda6dabd500d75,0.9688718391367117
5ebec67036494394a33afe91c5e6b4a7,92fb76c0c3f84bf29a2a313c7ebb6a53,0.9893566773691319
609d30e3c2d04df397a3f775c649b7a5,61699d23e8194521ba372cd9d61fe577,0.9806385672723281
63be608a473b4652ac4a4809dfd01d46,ffc33adbec164c61bbf23a3a0c3b1731,0.8665429165395303
67e658d89f7e44f2a1deeca8cb715a79,3ec359b328074deeb3a08f05fc45753b,0.9895936409572915
6afd924941074dc98159f2924dcc6b74,a68633d690184f8c9604aee911601f28,0.9578293209557986
6cecf9c70cb549529f3c46b3e7489a1e,88882cc5930841bab9731a2da9c33f8a,0.9866856602070886
7216e097592d4a72889e204e868fa86a,27dbc99de68f4aa8b928961ebc2dd4e1,0.8831782673859124
72ca65c429a74c36a193ca3f22ba2b74,8fbe92f866f64c80b3a84312727c574e,0.9573882696614713
7595fe168e3349fab2e2592029c0072e,af52f18a9cb54c43b85698ca46a22bf1,0.989481304348193
762f0d403747451cb14486a3f97d1a11,cbf2e65239a349a098e6e8b764ef0805,0.978924132959539
84f84ba3c9334702922ab08521fd61f7,f3625be67dc0432cb2926ac373eaf4d2,0.9735770066095722
91b70948d9f445f38aa47abc95b00d8b,565cc18662074feb94e299900b2eb820,0.9888825195183258
973e1a297ce84dcc890d674dfd7d93e8,21f6d8074a3041078bcbedc281a7ea2c,0.9394839617873949
a078d724f9654d889241e4650bbcb3cb,ba1e1308088b463c8bf5ec3eb1fe4c3c,0.9617221473922012
a2fac693eee440ff986ba80ddb0c76b4,0e6be1d2346e4fd2bc49477d12b6d290,0.9872496407563276
a308eec6a7234e77b7661126696342ce,3f8d534b786744aeac2a90565931c4b0,0.992182939046737
a5ec4cf6ba3447898c6ecac126f5bf37,a2ff9505231f4803adf4df81cb6a018c,0.938561692585565
a67266665dad4e1a826ed0fff16c5312,f3cad03791414b859d612d78789bd496,0.9704198912797233
a795ec7662ce4e968d2157b4f0bc5e77,371834d162f149aebe95092ba5a0e137,0.974940795576894
af87f45ea06e4291b50ed40381eccdf9,c149bb9deea64c22b03954cf4ec4cd73,0.9534196291019594
b2b008b4a0a84ccebbfcdf21e129dda2,f0e4012490394891a099fcab0ab31987,0.9406515941976582
b4205bc0849741539e5437460409d637,2247975e04f44782846358b4978861a2,0.8473960498208113
bcbb90ab1c6c4a23966d94c6818bb744,e6bc10a6c17b495baead82cd7c23cf19,0.7674571961649762
c22398e02e684dbb88f4fe9afe702513,2931c3afb1c94b8490215aefa353e4c6,0.9854836450453777
c98afaf8b06e437fb127f5743845e5e5,bd32513a14254a75bd09eeb0131b5797,0.858470395998788
cde864ac131648378c5e23dc2658ffe4,c81584a2cd5c4af585031177e3b20cbe,0.7343174413175296
d0fa03169a3d4d2980c2229e8b2ba16b,fc265073bee5421cb7ed40a661459f19,0.782462318993127
d43a2ade26e642b1aed557188acf40e1,0dcd471374f943e78006098d06d7111c,0.9871024000258509
da6ce1c0b2164be580adc8e8f2d4e34f,e06d57f9753e4342b304e4594bff3845,0.894288779422798
e42a099395f84f8aac5e320bbf00fb5d,371834d162f149aebe95092ba5a0e137,0.8790888291119904
ee0f0b5093a348d285c4304ecbe2e3b1,2a499efa75014ee88bd2328ed0748d91,0.7609950412274628
f04b733519084dc39000ba3fc61054e0,fde56012a09c4aa3a44da6469699df70,0.8422566766815119
f08ab7092bce4f1999312cce2ca79d46,445c349413b84dfab0e764c9e809abce,0.784726570912227
f1406ddec2da411b964f53cc4862039d,8c82e9ba69b14867ae1ee5380c8dbf9c,0.9381473135877497
f6666524dcde44929f01d9417f779df1,0bd44926440e44c987a41d563f27f410,0.9511311801639515
f9fa40a2bd7d4ade92052c388e7a7963,69fa39f52c894a15b3b29567ad41e35b,0.9662142911722847
