023e0bc57181433b8e33e39996ae5333,7f7df745c917452f9ef1a48d6d568043,101d0a71970049ef99fcbec3afa98aca,9da53ad45b134477ae27a37d02b4fe00,ae98ffed72384a1fb6edbba6a5a7be14,c8449e5feabc4e159966bd48ac240e1c,1d3654b274db48518d6f75b512e55ce4,43c92f8d1c6948328f06046c6b8bf0a5,cf23465f61fd443bab4c6eceec40775e,0e35875033164a7e8fe2aaf7a2a2de71,d94773d69ddd48d996f87591bf022775
02a965d89ec143089a81a260ddc2e840,14467bd96a0f4d319b154441da9b447c,ce3b3514b838466f911190e40ef9feec,d1918a15d9294ec4a1da0b0eff42ee01,0971a73ee5594b598e8fc8f5774b7def,9e86ac8df372464584fbbd67b3cb26dc,5865c15e8edd4bcf97803eebc5c3f34b,606b4eae12364fc4bcec8152763fdc4e,a15b5f02bd7946578adb79b8470bae19,4dd03d16715a49d98fce909b629115fe,1c7588b54305445cb800f09b8d40b12f
04976306894d46e6be2df1c2bc16046b,0e35875033164a7e8fe2aaf7a2a2de71,02b48d9e6d764d7fb3845db181a3de34,d94773d69ddd48d996f87591bf022775,9e4e7316318b48c48e0c6e736aa6f055,6d0e23b271a9450ba7de768c6ac7fcfe,82bd98df60fb43bdadeaf4d394682d25,07f5abe7da8c43498b52e24ff9b2ac43,ce8f613bca4b47848f876c6c6b36ad1f,9733660511d94e6b93d23c006f76c678,cba39f81180645279c9f3378a77b8714
0dc64fca41254f7c8ade0a421ed3065a,58f7cfb785ee4d149b8128587a410c66,20090dd3037b4df881e7dbe11314e261,e63cb2a1109d494fa9a28902a789969c,23ea5626161f4364b1296af8761303f1,d0ab089f96254e589345c8469d982a7a,b15f909856b141f6b1b767de9d3c3578,2c92044c672c41faa63ee56b073e72e1,8cf05f3d5ccd48b2a390a0fd147d7655,3f7bfb2395bd4850a6fb02966c9199ec,214b3eb0aef741b08a61779a44ea35e8
0f61d68783fe47429eab77de2730013b,81bf7f7f25974b92a4bcc5e0935c0dac,024fe7192186464684751b6725cbc70d,1d12f8e88a414b088c6126fb9754456b,b15f909856b141f6b1b767de9d3c3578,b4493518a7654d2fb2c3411ac6d3ec19,3f7bfb2395bd4850a6fb02966c9199ec,53f0fcab39cd4bdc99e9113e899a1d25,6585bf0fd7c54f9ea5d289ec7540e506,c149bb9deea64c22b03954cf4ec4cd73,79f8e8c16543443185f3cb4e10db84e5
1993368f65a4457f992f0494e4d9f61c,82c36620a85d4f77afb5f980a5dbc677,c308b2fe610d4b199a409b6e136f6d6c,e3c2661bdb9d4aa287a09c858eec4679,a3d6b81447a145d09118ef36ac5dfc33,b20c9f3c1930406a96828958fe9f7d00,ead43350203d4c828522c62b01b05257,b72e9734178b49a19c06daaf9267d2d4,2a499efa75014ee88bd2328ed0748d91,7b891b71c5f1466e8b67eccd9b9c8d61,a0fc853538a74985beaef9e3fd6fbd2e
1ee0c3dbbcc6426d97290988799ee735,ed90c9732ed34546a0a5616d2ae1f3de,2919318807404a7da0a16a3ea593da97,eb32ca278df1482198dcc6c9e33b19be,19fdabd2420247379741d197e6e7c4ad,bf17987b15d44a0daf12691c10f5d1aa,9925854d2e48431381ca66f36b4ce0e3,20150b1d4ab44bf7900be0821a256bc3,b63df0372bbe41c2a0e9e4d46b750555,b4bc85c0be3f43aa86ce1a1272637e05,2465457400464adfbc9b3a23f68bb61d
2082905c030547a9be36f3774226d647,b0db50c5598b4f31a11dc75c2e847144,738291ad52a14ac8a9818433f4132057,e6bc10a6c17b495baead82cd7c23cf19,cf23465f61fd443bab4c6eceec40775e,9da53ad45b134477ae27a37d02b4fe00,4cd5ddf9d2f94144bb86c52c56b8e1cf,4d93d896ea3e446b8e63a0697fbbcd22,e5ad48537d934b81b5efdbfe059d82c5,e2932a81f05b4e37b3342978a9bede22,28247576fb5d4a918d9b156b04951a04
212d5e317e8443098a121b21bf3a17e7,9d66c4251fbf48b88a6d9ab15ed44f9e,82f3d81ca2df470b8cfd8b5058436448,278c302460ea4b6885729dad3459ef77,d42d986a8667493c8d53e6fa859b84e7,eabcfd6ce227405a9ffa4d79494a0be0,0f815c9445b74e3f89c7101ada83433a,e244d59d3687472b8a3ca9c482c96a51,0b1792be263947dfb5126e48c9273249,1b1b411c6ecb4a08bd7c2bcf0ab4c17c,08c692c87e6f4ebeade36d9c66673db0
25fe4ed7ba5b433b9ae84795ea909729,2931c3afb1c94b8490215aefa353e4c6,979e79df235845b5a3353674ebe71b43,762a981e62a4491e9ed2f7d5c520844f,0bb2bcba409048c2947e9705a0d2d22c,43a4cc3b97f34729ba41707f6f94ec8f,c81584a2cd5c4af585031177e3b20cbe,2465457400464adfbc9b3a23f68bb61d,0d656cc67fd34f3f9fb9e0299390f03e,b4bc85c0be3f43aa86ce1a1272637e05,6214e33cf768413cb557ae5413a4f5d7
2a49b89dfde442f5a932c5480fdaa6e2,721367067d9843f28ede7152d74ea899,cf665e73c33c4f0b8bec3e1ade2871ce,4a74622af3df447c8c660567ac3a3350,74b582dde68f4d368037d3215a2ccde9,47a0a9eec4864387a8ccdfbf5616f1f4,d9a5e7d9a63f41dfb2a1471e0410d729,e5b042998c374a479da63d501c8be25f,1e7bb7d6d45e413086d3ccd95544f109,0dcd471374f943e78006098d06d7111c,8cf05f3d5ccd48b2a390a0fd147d7655
2ed72c56e5014e6a9f480ac4714427f5,b1ea10c9e6b04cca88b7775b87f0b6e0,72e9ce6687bf4e7abca36ac46ced5c7a,9d80e183006642e4a94d08ba36a8bb74,b51dfdbb9fc247bb81f9b706e90c608a,4087f03111264cefbeaa7b7c0ddea964,e725afe7d0e34925a9aa76bafe4360ab,06d53809c11d4bd6b03c072b1c9c96d7,26cc7dfc562340759677cce84f341278,fc265073bee5421cb7ed40a661459f19,a230e02ca1ea44f1aff23743dc20a034
35db65d4644844349de09dede9cc1dfa,5e65c6dacf3d406db869a2c735160040,29d9f3c544e349b6a64b567c16f52c0c,96193706d2674e38a500fcac5a328fef,2d31edb0089b48b28061ec0f05325db6,f776ff5b53514c0f8a697f00a37d71e0,a68633d690184f8c9604aee911601f28,de53af4ab7da4939ab51b90ff10fe83d,92fb76c0c3f84bf29a2a313c7ebb6a53,02d2773aeb644bf79325ff2e6bda247c,ffde07b2c54949a6b6b35d59d5b1fa01
3efadec7956c468e90eb05ff16913883,89dd6a52ebe34d2f83dffec9740acd83,9599c76fb64c459cad117ccf94b6cb0d,264209a7e43640c38edd8b4296bcd959,b0b4c711968342649155226e37ecc60d,1c7588b54305445cb800f09b8d40b12f,8616205644174cccab53bf321bc5e38f,02b48d9e6d764d7fb3845db181a3de34,7d062086b95840ed887953a6cddb7b56,61699d23e8194521ba372cd9d61fe577,6d0e23b271a9450ba7de768c6ac7fcfe
3f1fbc96674a41b0aca41105ea5b8126,29d9f3c544e349b6a64b567c16f52c0c,f776ff5b53514c0f8a697f00a37d71e0,5e65c6dacf3d406db869a2c735160040,2d31edb0089b48b28061ec0f05325db6,96193706d2674e38a500fcac5a328fef,f0e4012490394891a099fcab0ab31987,736982e49f0f404ca1a45f9e8acc145c,05be28256fc74eacbad59ca92d0ecca0,e05c7e8f8d364b00be5a74eec20e8061,721367067d9843f28ede7152d74ea899
4018563cc4ae4a9b9403292c6e4a4237,158ef8c1b78948b6b47ebf724412840a,6a36c789588c4690a1eea83d49bb2e5e,fb486d3a516d4b8d8dacae22fc0c81d2,befdcdce3b2242199f98066654607841,cdfa46bf020c4efd987a354685a37a80,89dacd2cb0be4b2fb92816093d1f03f2,86b2edf9aa664c84a8b466fbbf3c2fbc,be639f64ae5140abbb2eff44be6b6651,84337568eb5c48d5af05b653959dd02c,1bedee5edfdf4584ad354c7c02635851
4111b3ef03484a65ab73554e9a9ec2dd,e725afe7d0e34925a9aa76bafe4360ab,06d53809c11d4bd6b03c072b1c9c96d7,62d10ccd85814649a70f4a229517ed75,fbf7637350b14ce0b89072f1fb508db5,7101e7a6df774010a0c16881f6aa9c2c,b1ea10c9e6b04cca88b7775b87f0b6e0,1d4864c2f39b45dd947d050b33e976b2,0e6be1d2346e4fd2bc49477d12b6d290,72e9ce6687bf4e7abca36ac46ced5c7a,26cc7dfc562340759677cce84f341278
4334561fe16e451e9360ec35d068931d,8b357e20060146ddba8ab4d42de796a7,24ba40b8273f4683ad72100451fc046a,abdb02fe03c840938fa27cc353bdb80e,2c3a32934654401bb314cb271cee4e91,422591f8e9da43c58dc8d535205cb5dc,8616205644174cccab53bf321bc5e38f,a5c461bb5f2848d28aabb04f18392cd3,b0b4c711968342649155226e37ecc60d,744fafba3838400b9329f7107405bea4,27dbc99de68f4aa8b928961ebc2dd4e1
46eadf04e85840b89b1e3dd8da11cef4,6214e33cf768413cb557ae5413a4f5d7,58edd85d189544458d3217b9abd36860,822dc6c0b63b44e7b51a6a01ac4171ce,046f9631bc8c4f88bc51abcfe8da3c2d,e5ad48537d934b81b5efdbfe059d82c5,bec6e99d1ca5489e9ee86f6271816f16,79f8e8c16543443185f3cb4e10db84e5,d6f0c90ca1be45889776f7d14b207f79,2931c3afb1c94b8490215aefa353e4c6,979e79df235845b5a3353674ebe71b43
5253c8a74f094dab97be64c1342d559c,d8d7b294c4bf45b28b61be878e5996d6,4b02c267cfd247f4a5ca2a61307ed2ac,e173b665b18b463399ef9398fe19bbfb,514186a4827343f191cd8f9522d2dbef,6566af75e5e64e67b444c369e55875e7,20150b1d4ab44bf7900be0821a256bc3,b63df0372bbe41c2a0e9e4d46b750555,606b4eae12364fc4bcec8152763fdc4e,5865c15e8edd4bcf97803eebc5c3f34b,eabcfd6ce227405a9ffa4d79494a0be0
5295405f8e7240c9a04c75bca2f39b78,fbf2ed525da44d3da4f45de49b276a44,f4c8ee207c204a95addece4f19d467f4,0baaafe2ff8b41369ed7e5d36ba3887b,dd15337a5074415e8d41297f36c50085,4d93d896ea3e446b8e63a0697fbbcd22,4cd5ddf9d2f94144bb86c52c56b8e1cf,28247576fb5d4a918d9b156b04951a04,5f61280be22a4bb6afb53cb0359d3504,27dbc99de68f4aa8b928961ebc2dd4e1,19ed796e7ae84ab0afb6a737bf0a1dfe
58a4ef54c36f4b63ba8018da4b6d2dd6,6e442a26be194681af1b7417020f1d76,0af6eaee9275457f8868b80707c59f29,2c92044c672c41faa63ee56b073e72e1,59e34b4cf345435baed6431c9dc0ee0c,214b3eb0aef741b08a61779a44ea35e8,9d80e183006642e4a94d08ba36a8bb74,0bbc330fac4249a5840ca6e986656498,31fefc8735d045df9291948f117ec395,ee9046219a974e61bdb8cb27909fee5f,8629f7085b374ac7b2d2982c9467335d
58faa2f6fa6a4bda955483b33c60a538,2eeb795215de4de495cda6dabd500d75,4efdc6bd87f742e595b77fb01e956754,a15b5f02bd7946578adb79b8470bae19,cb25a519e0254581880702f97dd30904,c81584a2cd5c4af585031177e3b20cbe,d6f0c90ca1be45889776f7d14b207f79,276ad03513d049ce9c10c5377089cb6f,b0576330900646d5b732fd32c94b9b8c,b4c8970e11ce40bb8fbe1473fbd6349f,3ccf09f6a119449fb64ca8a374553afa
5a60db9a25014044b4098eb845d1ff1a,158ef8c1b78948b6b47ebf724412840a,6a36c789588c4690a1eea83d49bb2e5e,fb486d3a516d4b8d8dacae22fc0c81d2,cdfa46bf020c4efd987a354685a37a80,befdcdce3b2242199f98066654607841,822dc6c0b63b44e7b51a6a01ac4171ce,046f9631bc8c4f88bc51abcfe8da3c2d,e5ad48537d934b81b5efdbfe059d82c5,84337568eb5c48d5af05b653959dd02c,ffc33adbec164c61bbf23a3a0c3b1731
5d7b8127f2e34032bbbe6b1e7fc87a04,d94773d69ddd48d996f87591bf022775,9e4e7316318b48c48e0c6e736aa6f055,0e35875033164a7e8fe2aaf7a2a2de71,6d0e23b271a9450ba7de768c6ac7fcfe,b1ce622fbcf94a25a3e4648ac357dc85,82bd98df60fb43bdadeaf4d394682d25,206c71ba91754f1494095ab616a09318,aecb6652edbf4e6993334fa9569f4f9f,f5c5cb0079ff4a02a93976a45b2a912b,101d0a71970049ef99fcbec3afa98aca
5ebec67036494394a33afe91c5e6b4a7,92fb76c0c3f84bf29a2a313c7ebb6a53,8629f7085b374ac7b2d2982c9467335d,34815351af784e51a4998200ec073aaf,20ea9c9216ed40f5ba7839160ea05ff3,6ecd171bd1634ca4ab8359e884b490b7,48cea985aa0a4a6280015a78cf78fc60,a230e02ca1ea44f1aff23743dc20a034,1b1b411c6ecb4a08bd7c2bcf0ab4c17c,e40a24da40c944138b95193a43d2ef0e,3d1e305250c24c8589f509170de2c96e
609d30e3c2d04df397a3f775c649b7a5,61699d23e8194521ba372cd9d61fe577,7d062086b95840ed887953a6cddb7b56,1c7588b54305445cb800f09b8d40b12f,6ac4dc8e417f45f7b92b01d7e82c3a69,d47a3ab303bd446f8044d265fc02c4d9,02b48d9e6d764d7fb3845db181a3de34,9599c76fb64c459cad117ccf94b6cb0d,82bd98df60fb43bdadeaf4d394682d25,206c71ba91754f1494095ab616a09318,0bd44926440e44c987a41d563f27f410
61a0747aab2c48efbda90478357edde7,cb242ec355eb4827a903ac24248da099,89dacd2cb0be4b2fb92816093d1f03f2,84337568eb5c48d5af05b653959dd02c,be639f64ae5140abbb2eff44be6b6651,86b2edf9aa664c84a8b466fbbf3c2fbc,ffc33adbec164c61bbf23a3a0c3b1731,07f5abe7da8c43498b52e24ff9b2ac43,6d0e23b271a9450ba7de768c6ac7fcfe,201688846c8f4f2490c2a706e1a60bc4,991f1aafa7dc4d4699363628c1c4be1d
63be608a473b4652ac4a4809dfd01d46,ffc33adbec164c61bbf23a3a0c3b1731,1bedee5edfdf4584ad354c7c02635851,222455c8b5944065b57b3242fcd70d09,ce8f613bca4b47848f876c6c6b36ad1f,86b2edf9aa664c84a8b466fbbf3c2fbc,8fe9d441dd224571a5c1f5b571499057,89dacd2cb0be4b2fb92816093d1f03f2,be639f64ae5140abbb2eff44be6b6651,cb242ec355eb4827a903ac24248da099,84337568eb5c48d5af05b653959dd02c
67e658d89f7e44f2a1deeca8cb715a79,3ec359b328074deeb3a08f05fc45753b,85a89d63081346c9a838dda6b3c98cfd,d5110abe882f4001a5c092f614b19e33,61056aba884a4530b074d39d46b46dec,26cc7dfc562340759677cce84f341278,8703c3b0ea744b8b8e8fc337fd7e2260,fc265073bee5421cb7ed40a661459f19,de5d13ccb7e64c0b9a865cfb661b9853,3d1e305250c24c8589f509170de2c96e,dcc29f047aac449f85cbf8dff7111c08
6981c91c7a874901957de1abfd270ef4,e326fefd4f7d4546bcb3477b704fff0e,27c7ee14824e45d68fdb56563e116333,5407db7dd3a446c1a502ec0f7f2f1e46,69fa39f52c894a15b3b29567ad41e35b,13341f03627a44eda8e36eab97d7ac14,4038e650bbd14697a1dddbe92d7daf4a,19b59a6a8149445da022f27bdb4bafb0,4dd03d16715a49d98fce909b629115fe,0971a73ee5594b598e8fc8f5774b7def,9e86ac8df372464584fbbd67b3cb26dc
6a17006e182a481f82e2e605a72c8558,23ea5626161f4364b1296af8761303f1,58f7cfb785ee4d149b8128587a410c66,20090dd3037b4df881e7dbe11314e261,e63cb2a1109d494fa9a28902a789969c,d0ab089f96254e589345c8469d982a7a,b15f909856b141f6b1b767de9d3c3578,b4493518a7654d2fb2c3411ac6d3ec19,6585bf0fd7c54f9ea5d289ec7540e506,c149bb9deea64c22b03954cf4ec4cd73,56a2c05bfd084a8eb1fe99a58ff6ddc6
6afd924941074dc98159f2924dcc6b74,a68633d690184f8c9604aee911601f28,02d2773aeb644bf79325ff2e6bda247c,f704bcc23c124b6c8b1ff1bc6d497a23,a230e02ca1ea44f1aff23743dc20a034,48cea985aa0a4a6280015a78cf78fc60,20ea9c9216ed40f5ba7839160ea05ff3,fc265073bee5421cb7ed40a661459f19,34815351af784e51a4998200ec073aaf,8629f7085b374ac7b2d2982c9467335d,6ecd171bd1634ca4ab8359e884b490b7
6bfb7e76101949b5aec0357d4d915589,b20c9f3c1930406a96828958fe9f7d00,7b891b71c5f1466e8b67eccd9b9c8d61,ead43350203d4c828522c62b01b05257,5b1be1de918e4b09a393adb184caedc4,a3d6b81447a145d09118ef36ac5dfc33,e3c2661bdb9d4aa287a09c858eec4679,c308b2fe610d4b199a409b6e136f6d6c,c513273b54204641bea6f714b203b313,d0e7164cfb9c46a2b267b040008f7578,c918d5cd600343b09fe5b8b3f77a715e
6cecf9c70cb549529f3c46b3e7489a1e,88882cc5930841bab9731a2da9c33f8a,3b32f71726a74256a8bc1dc944979df8,9925854d2e48431381ca66f36b4ce0e3,5e91cdf1bf804e05bccdf85b90a62d25,cfbaaab5684149c79ea0981c8e6b20b9,8f76ce7b604a46d3b520cc09545b075f,846ab3b9ccbb493dacb72c748c30f805,47a0a9eec4864387a8ccdfbf5616f1f4,e5b042998c374a479da63d501c8be25f,e06d57f9753e4342b304e4594bff3845
7168fd4bacdb43988f1f506624d197fc,dcc29f047aac449f85cbf8dff7111c08,8703c3b0ea744b8b8e8fc337fd7e2260,de5d13ccb7e64c0b9a865cfb661b9853,1d4864c2f39b45dd947d050b33e976b2,0e6be1d2346e4fd2bc49477d12b6d290,6ecd171bd1634ca4ab8359e884b490b7,34815351af784e51a4998200ec073aaf,20ea9c9216ed40f5ba7839160ea05ff3,06d53809c11d4bd6b03c072b1c9c96d7,8629f7085b374ac7b2d2982c9467335d
7216e097592d4a72889e204e868fa86a,27dbc99de68f4aa8b928961ebc2dd4e1,5f61280be22a4bb6afb53cb0359d3504,19ed796e7ae84ab0afb6a737bf0a1dfe,97dd9547988e4f07b843f7e5db923531,28247576fb5d4a918d9b156b04951a04,4cd5ddf9d2f94144bb86c52c56b8e1cf,264209a7e43640c38edd8b4296bcd959,8616205644174cccab53bf321bc5e38f,b0b4c711968342649155226e37ecc60d,fbf2ed525da44d3da4f45de49b276a44
7244408f31ee434e812f9fc12181bfe4,d47a3ab303bd446f8044d265fc02c4d9,6ac4dc8e417f45f7b92b01d7e82c3a69,61699d23e8194521ba372cd9d61fe577,1c7588b54305445cb800f09b8d40b12f,7d062086b95840ed887953a6cddb7b56,4efdc6bd87f742e595b77fb01e956754,a857940c2a36414fb86afd6fed325256,2eeb795215de4de495cda6dabd500d75,3ccf09f6a119449fb64ca8a374553afa,1f42433b66534d31b3ca8f5464c0eef4
72ca65c429a74c36a193ca3f22ba2b74,8fbe92f866f64c80b3a84312727c574e,36ed4dba98704f70be3a3896c8050806,41e367de6ea14be7a4fab9c430c418a0,5b1be1de918e4b09a393adb184caedc4,e3c2661bdb9d4aa287a09c858eec4679,7b891b71c5f1466e8b67eccd9b9c8d61,633dc85a59ac4797bdc41b35c3835a51,b20c9f3c1930406a96828958fe9f7d00,0bd44926440e44c987a41d563f27f410,2247975e04f44782846358b4978861a2
7595fe168e3349fab2e2592029c0072e,af52f18a9cb54c43b85698ca46a22bf1,054a8e0eb22143e5b8a721693b3cceb3,6c1504a41df94f2b91f7ea581010981c,821ad3177b8a4559ae3aaf8f94a59692,ea361cc2a9714c7680bcd254512dff64,5318fb3fe6ae41e0bea7ca8da5939e2e,27a629fdf0ff4c3da110d6208e9428a3,21f6d8074a3041078bcbedc281a7ea2c,a5c461bb5f2848d28aabb04f18392cd3,ffde07b2c54949a6b6b35d59d5b1fa01
762f0d403747451cb14486a3f97d1a11,cbf2e65239a349a098e6e8b764ef0805,e05c7e8f8d364b00be5a74eec20e8061,05be28256fc74eacbad59ca92d0ecca0,498de15f44e0434eb4e609a491462adf,1703403fccb44293b1fbc1da13d4b098,0bab10bf5ad84ef3a56102f36074b940,a6ed012192b24d04b4b0f424955adf83,4a74622af3df447c8c660567ac3a3350,8cf05f3d5ccd48b2a390a0fd147d7655,0dcd471374f943e78006098d06d7111c
80ee4304f59f44a9bb88bb46f373c8a1,d0597046e5804634acf2737d7a07c760,8c82e9ba69b14867ae1ee5380c8dbf9c,e2932a81f05b4e37b3342978a9bede22,fad2a40e4c85458d981618c41e4de6b2,fde56012a09c4aa3a44da6469699df70,90e78f4ad14845c9a8393d683895e510,dd15337a5074415e8d41297f36c50085,2465457400464adfbc9b3a23f68bb61d,ba1e1308088b463c8bf5ec3eb1fe4c3c,1b8c2f39d8864a4e9d236f76f1ddbd32
84f84ba3c9334702922ab08521fd61f7,f3625be67dc0432cb2926ac373eaf4d2,3f7bfb2395bd4850a6fb02966c9199ec,0bbc330fac4249a5840ca6e986656498,31fefc8735d045df9291948f117ec395,ee9046219a974e61bdb8cb27909fee5f,b0b4c711968342649155226e37ecc60d,19ed796e7ae84ab0afb6a737bf0a1dfe,8616205644174cccab53bf321bc5e38f,264209a7e43640c38edd8b4296bcd959,97dd9547988e4f07b843f7e5db923531
8e2dc12e8cd749088aa650dee13968d5,2a499efa75014ee88bd2328ed0748d91,6566af75e5e64e67b444c369e55875e7,b72e9734178b49a19c06daaf9267d2d4,82c36620a85d4f77afb5f980a5dbc677,ce3b3514b838466f911190e40ef9feec,20150b1d4ab44bf7900be0821a256bc3,b63df0372bbe41c2a0e9e4d46b750555,ead43350203d4c828522c62b01b05257,c308b2fe610d4b199a409b6e136f6d6c,a4c978eaff21448994c2716907de3ca8
91b70948d9f445f38aa47abc95b00d8b,565cc18662074feb94e299900b2eb820,d7b41b3e3e4641278e4d7b60c32b67e1,9e686720ec78468abdc87b2ac44a96c4,991f1aafa7dc4d4699363628c1c4be1d,201688846c8f4f2490c2a706e1a60bc4,1e572dff5c3345abaf289557175be1db,af9007933baf4c93964ce40eadff5f34,cb242ec355eb4827a903ac24248da099,86b2edf9aa664c84a8b466fbbf3c2fbc,89dacd2cb0be4b2fb92816093d1f03f2
937bebb8ac1a477bb3a7c1c39d76f9ec,b72e9734178b49a19c06daaf9267d2d4,b20c9f3c1930406a96828958fe9f7d00,7b891b71c5f1466e8b67eccd9b9c8d61,6ecd171bd1634ca4ab8359e884b490b7,b63df0372bbe41c2a0e9e4d46b750555,20ea9c9216ed40f5ba7839160ea05ff3,6566af75e5e64e67b444c369e55875e7,ead43350203d4c828522c62b01b05257,34815351af784e51a4998200ec073aaf,41e367de6ea14be7a4fab9c430c418a0
973e1a297ce84dcc890d674dfd7d93e8,21f6d8074a3041078bcbedc281a7ea2c,a5c461bb5f2848d28aabb04f18392cd3,ffde07b2c54949a6b6b35d59d5b1fa01,744fafba3838400b9329f7107405bea4,511d0f31c4384295841cfd11c94ef954,d09cafc7824249ff8b9296746e43e06d,6c1504a41df94f2b91f7ea581010981c,821ad3177b8a4559ae3aaf8f94a59692,af52f18a9cb54c43b85698ca46a22bf1,054a8e0eb22143e5b8a721693b3cceb3
a078d724f9654d889241e4650bbcb3cb,ba1e1308088b463c8bf5ec3eb1fe4c3c,1b8c2f39d8864a4e9d236f76f1ddbd32,984b630abffc47c0ae53f532ff14a9e5,c362150fc995496089babc42c933c531,930987d1cef644e38131ee1e1c51b2f7,0baaafe2ff8b41369ed7e5d36ba3887b,dd15337a5074415e8d41297f36c50085,4d93d896ea3e446b8e63a0697fbbcd22,f4c8ee207c204a95addece4f19d467f4,fbf2ed525da44d3da4f45de49b276a44
a2fac693eee440ff986ba80ddb0c76b4,0e6be1d2346e4fd2bc49477d12b6d290,1d4864c2f39b45dd947d050b33e976b2,de5d13ccb7e64c0b9a865cfb661b9853,dcc29f047aac449f85cbf8dff7111c08,8703c3b0ea744b8b8e8fc337fd7e2260,ffde07b2c54949a6b6b35d59d5b1fa01,511d0f31c4384295841cfd11c94ef954,744fafba3838400b9329f7107405bea4,a5c461bb5f2848d28aabb04f18392cd3,e725afe7d0e34925a9aa76bafe4360ab
a308eec6a7234e77b7661126696342ce,3f8d534b786744aeac2a90565931c4b0,8773f485149b498390b156b2fe875dec,ebf016562f9a4c55984e1e70e3dc1c24,0d295e4357674c03850fe8c03fbef2e8,a2ff9505231f4803adf4df81cb6a018c,bba6cf55cfb44df7b16aa90994aa7c46,d9f1664746924a4b9e55e7b6e5db6d95,e1655c66d2c540ffbaf87cb2656e503b,d8bc9c71160346c18087a654cc50b8db,736982e49f0f404ca1a45f9e8acc145c
a5ec4cf6ba3447898c6ecac126f5bf37,a2ff9505231f4803adf4df81cb6a018c,bba6cf55cfb44df7b16aa90994aa7c46,d8bc9c71160346c18087a654cc50b8db,e1655c66d2c540ffbaf87cb2656e503b,d9f1664746924a4b9e55e7b6e5db6d95,0d295e4357674c03850fe8c03fbef2e8,ebf016562f9a4c55984e1e70e3dc1c24,3f8d534b786744aeac2a90565931c4b0,8773f485149b498390b156b2fe875dec,1e7bb7d6d45e413086d3ccd95544f109
a67266665dad4e1a826ed0fff16c5312,f3cad03791414b859d612d78789bd496,6277556470f949fc8287fcd51aa18996,8341143efbb1437d8fbc3f744ef356c6,9916c10e424d4bc59c7bb9e0b5c0b188,738291ad52a14ac8a9818433f4132057,36ed4dba98704f70be3a3896c8050806,27dbc99de68f4aa8b928961ebc2dd4e1,8fbe92f866f64c80b3a84312727c574e,5f61280be22a4bb6afb53cb0359d3504,24ba40b8273f4683ad72100451fc046a
a795ec7662ce4e968d2157b4f0bc5e77,371834d162f149aebe95092ba5a0e137,1fd1825ca391411f987b3f83e02417f5,1f42433b66534d31b3ca8f5464c0eef4,b4c8970e11ce40bb8fbe1473fbd6349f,b0576330900646d5b732fd32c94b9b8c,3ccf09f6a119449fb64ca8a374553afa,276ad03513d049ce9c10c5377089cb6f,52f3aaf4377246bda0e96acb92e63e70,d6f0c90ca1be45889776f7d14b207f79,cb25a519e0254581880702f97dd30904
af87f45ea06e4291b50ed40381eccdf9,c149bb9deea64c22b03954cf4ec4cd73,b4493518a7654d2fb2c3411ac6d3ec19,6585bf0fd7c54f9ea5d289ec7540e506,b15f909856b141f6b1b767de9d3c3578,56a2c05bfd084a8eb1fe99a58ff6ddc6,15828b22d85a4c638a09b0f90487387b,2a353c6ae43b4b99a46da2451024beff,e326fefd4f7d4546bcb3477b704fff0e,69fa39f52c894a15b3b29567ad41e35b,27c7ee14824e45d68fdb56563e116333
b2b008b4a0a84ccebbfcdf21e129dda2,f0e4012490394891a099fcab0ab31987,bb1c96bdd3c74a2d90c994e404c1f92f,736982e49f0f404ca1a45f9e8acc145c,00563c215724428cb445900744e61531,d58dca3f397f42f8a498366e919834c7,821ad3177b8a4559ae3aaf8f94a59692,6c1504a41df94f2b91f7ea581010981c,054a8e0eb22143e5b8a721693b3cceb3,3f8d534b786744aeac2a90565931c4b0,af52f18a9cb54c43b85698ca46a22bf1
b4205bc0849741539e5437460409d637,2247975e04f44782846358b4978861a2,c918d5cd600343b09fe5b8b3f77a715e,d0e7164cfb9c46a2b267b040008f7578,7b891b71c5f1466e8b67eccd9b9c8d61,b20c9f3c1930406a96828958fe9f7d00,ead43350203d4c828522c62b01b05257,9e62b4efeead456eb59c54cdd4d50a9d,c513273b54204641bea6f714b203b313,b72e9734178b49a19c06daaf9267d2d4,c308b2fe610d4b199a409b6e136f6d6c
bb8f0fc87c364f0fa4a56015a1a553b2,e6bc10a6c17b495baead82cd7c23cf19,3aaa60bfcf594ab79c61084325b76c51,2a353c6ae43b4b99a46da2451024beff,a5c461bb5f2848d28aabb04f18392cd3,ed445a5071eb4b53a893d6b6adf06d8e,0e6be1d2346e4fd2bc49477d12b6d290,3ccf09f6a119449fb64ca8a374553afa,c308b2fe610d4b199a409b6e136f6d6c,371834d162f149aebe95092ba5a0e137,1fd1825ca391411f987b3f83e02417f5
bcbb90ab1c6c4a23966d94c6818bb744,e6bc10a6c17b495baead82cd7c23cf19,b0db50c5598b4f31a11dc75c2e847144,90e78f4ad14845c9a8393d683895e510,ea361cc2a9714c7680bcd254512dff64,9da53ad45b134477ae27a37d02b4fe00,e3f4520b1f3b412b9b534bcc46be3b75,e2932a81f05b4e37b3342978a9bede22,201688846c8f4f2490c2a706e1a60bc4,d0597046e5804634acf2737d7a07c760,762a981e62a4491e9ed2f7d5c520844f
c22398e02e684dbb88f4fe9afe702513,2931c3afb1c94b8490215aefa353e4c6,979e79df235845b5a3353674ebe71b43,762a981e62a4491e9ed2f7d5c520844f,0bb2bcba409048c2947e9705a0d2d22c,024fe7192186464684751b6725cbc70d,b4bc85c0be3f43aa86ce1a1272637e05,2465457400464adfbc9b3a23f68bb61d,81bf7f7f25974b92a4bcc5e0935c0dac,1d12f8e88a414b088c6126fb9754456b,bec6e99d1ca5489e9ee86f6271816f16
c98afaf8b06e437fb127f5743845e5e5,bd32513a14254a75bd09eeb0131b5797,26d4ce8dc4d14d1d8e84784d679d4673,a4c978eaff21448994c2716907de3ca8,5206b12196d044d2b1d9ab5fda35988b,471a0ae3e86547858b91298e6648f9b9,158ef8c1b78948b6b47ebf724412840a,0f815c9445b74e3f89c7101ada83433a,eabcfd6ce227405a9ffa4d79494a0be0,6a36c789588c4690a1eea83d49bb2e5e,d42d986a8667493c8d53e6fa859b84e7
ca87b93a486e4c72af436861927ff6dc,08c692c87e6f4ebeade36d9c66673db0,0b1792be263947dfb5126e48c9273249,e40a24da40c944138b95193a43d2ef0e,1b1b411c6ecb4a08bd7c2bcf0ab4c17c,e244d59d3687472b8a3ca9c482c96a51,278c302460ea4b6885729dad3459ef77,8629f7085b374ac7b2d2982c9467335d,9d66c4251fbf48b88a6d9ab15ed44f9e,82f3d81ca2df470b8cfd8b5058436448,92fb76c0c3f84bf29a2a313c7ebb6a53
cb2dad8ec7df4f0c91d3a97aefd92b70,43c92f8d1c6948328f06046c6b8bf0a5,c8449e5feabc4e159966bd48ac240e1c,1d3654b274db48518d6f75b512e55ce4,1bedee5edfdf4584ad354c7c02635851,222455c8b5944065b57b3242fcd70d09,ce8f613bca4b47848f876c6c6b36ad1f,ffc33adbec164c61bbf23a3a0c3b1731,8fe9d441dd224571a5c1f5b571499057,82f3d81ca2df470b8cfd8b5058436448,278c302460ea4b6885729dad3459ef77
cde864ac131648378c5e23dc2658ffe4,c81584a2cd5c4af585031177e3b20cbe,a15b5f02bd7946578adb79b8470bae19,14467bd96a0f4d319b154441da9b447c,ce3b3514b838466f911190e40ef9feec,4efdc6bd87f742e595b77fb01e956754,2eeb795215de4de495cda6dabd500d75,d1918a15d9294ec4a1da0b0eff42ee01,3a717ef240b14631821f8cee194b9d77,44fe4096dcc444a4bdd05238e9c09f90,0971a73ee5594b598e8fc8f5774b7def
d0fa03169a3d4d2980c2229e8b2ba16b,fc265073bee5421cb7ed40a661459f19,3d1e305250c24c8589f509170de2c96e,6ecd171bd1634ca4ab8359e884b490b7,92fb76c0c3f84bf29a2a313c7ebb6a53,f704bcc23c124b6c8b1ff1bc6d497a23,34815351af784e51a4998200ec073aaf,8629f7085b374ac7b2d2982c9467335d,a230e02ca1ea44f1aff23743dc20a034,20ea9c9216ed40f5ba7839160ea05ff3,48cea985aa0a4a6280015a78cf78fc60
d43a2ade26e642b1aed557188acf40e1,0dcd471374f943e78006098d06d7111c,8cf05f3d5ccd48b2a390a0fd147d7655,1e7bb7d6d45e413086d3ccd95544f109,d9a5e7d9a63f41dfb2a1471e0410d729,721367067d9843f28ede7152d74ea899,e5b042998c374a479da63d501c8be25f,d09cafc7824249ff8b9296746e43e06d,47a0a9eec4864387a8ccdfbf5616f1f4,74b582dde68f4d368037d3215a2ccde9,4a74622af3df447c8c660567ac3a3350
da6ce1c0b2164be580adc8e8f2d4e34f,e06d57f9753e4342b304e4594bff3845,44fe4096dcc444a4bdd05238e9c09f90,b6e086b28f3b4cc584d93b78d9dd6ad3,9a1e0afd4b314f339210629babd2ef3a,3a717ef240b14631821f8cee194b9d77,024fe7192186464684751b6725cbc70d,81bf7f7f25974b92a4bcc5e0935c0dac,1d12f8e88a414b088c6126fb9754456b,979e79df235845b5a3353674ebe71b43,2931c3afb1c94b8490215aefa353e4c6
ddb07be9f49c4535abc6a631d8c1e592,4038e650bbd14697a1dddbe92d7daf4a,13341f03627a44eda8e36eab97d7ac14,0971a73ee5594b598e8fc8f5774b7def,9e86ac8df372464584fbbd67b3cb26dc,4dd03d16715a49d98fce909b629115fe,19b59a6a8149445da022f27bdb4bafb0,ce863f7920704f9b9894ab6863d191c7,69fa39f52c894a15b3b29567ad41e35b,5407db7dd3a446c1a502ec0f7f2f1e46,27c7ee14824e45d68fdb56563e116333
e306239b44c444209d1d14befe9d5d44,02b48d9e6d764d7fb3845db181a3de34,ce8f613bca4b47848f876c6c6b36ad1f,8fe9d441dd224571a5c1f5b571499057,ffc33adbec164c61bbf23a3a0c3b1731,222455c8b5944065b57b3242fcd70d09,9599c76fb64c459cad117ccf94b6cb0d,6d0e23b271a9450ba7de768c6ac7fcfe,9733660511d94e6b93d23c006f76c678,89dd6a52ebe34d2f83dffec9740acd83,82bd98df60fb43bdadeaf4d394682d25
e42a099395f84f8aac5e320bbf00fb5d,371834d162f149aebe95092ba5a0e137,1f42433b66534d31b3ca8f5464c0eef4,1fd1825ca391411f987b3f83e02417f5,b4c8970e11ce40bb8fbe1473fbd6349f,b0576330900646d5b732fd32c94b9b8c,276ad03513d049ce9c10c5377089cb6f,a857940c2a36414fb86afd6fed325256,d6f0c90ca1be45889776f7d14b207f79,3ccf09f6a119449fb64ca8a374553afa,52f3aaf4377246bda0e96acb92e63e70
eca2096a47bd4f0daca6e4861396b1ee,0d656cc67fd34f3f9fb9e0299390f03e,f6fa18ca9f31454a9caa61dd1167fa90,43a4cc3b97f34729ba41707f6f94ec8f,a857940c2a36414fb86afd6fed325256,44385ff4dba9447983081f3cd0d5b88f,276ad03513d049ce9c10c5377089cb6f,b4c8970e11ce40bb8fbe1473fbd6349f,b0576330900646d5b732fd32c94b9b8c,52f3aaf4377246bda0e96acb92e63e70,3ccf09f6a119449fb64ca8a374553afa
ee0f0b5093a348d285c4304ecbe2e3b1,2a499efa75014ee88bd2328ed0748d91,b72e9734178b49a19c06daaf9267d2d4,ead43350203d4c828522c62b01b05257,5b1be1de918e4b09a393adb184caedc4,b20c9f3c1930406a96828958fe9f7d00,a0fc853538a74985beaef9e3fd6fbd2e,9e62b4efeead456eb59c54cdd4d50a9d,c513273b54204641bea6f714b203b313,7b891b71c5f1466e8b67eccd9b9c8d61,633dc85a59ac4797bdc41b35c3835a51
f04b733519084dc39000ba3fc61054e0,fde56012a09c4aa3a44da6469699df70,e2932a81f05b4e37b3342978a9bede22,90e78f4ad14845c9a8393d683895e510,d0597046e5804634acf2737d7a07c760,e3f4520b1f3b412b9b534bcc46be3b75,64588a11ee9041c8ae3f2bcc02f4b799,859193f0ffd44974b31b3dc5f643dbea,ed445a5071eb4b53a893d6b6adf06d8e,2465457400464adfbc9b3a23f68bb61d,b4bc85c0be3f43aa86ce1a1272637e05
f08ab7092bce4f1999312cce2ca79d46,445c349413b84dfab0e764c9e809abce,87bfbf015abf4285a2ed188233566d73,c3fcb445bcbe4570ac3bfbbb5b48ed1b,de53af4ab7da4939ab51b90ff10fe83d,dc841e175ba4409cb997f00c9c6a428d,03117b0fe6814821b2ada2cf8dcf3751,c75feb1093c449e491b450ad732fadc7,27a629fdf0ff4c3da110d6208e9428a3,5318fb3fe6ae41e0bea7ca8da5939e2e,0bab10bf5ad84ef3a56102f36074b940
f1406ddec2da411b964f53cc4862039d,8c82e9ba69b14867ae1ee5380c8dbf9c,b4bc85c0be3f43aa86ce1a1272637e05,2465457400464adfbc9b3a23f68bb61d,fad2a40e4c85458d981618c41e4de6b2,ed445a5071eb4b53a893d6b6adf06d8e,859193f0ffd44974b31b3dc5f643dbea,64588a11ee9041c8ae3f2bcc02f4b799,979e79df235845b5a3353674ebe71b43,2931c3afb1c94b8490215aefa353e4c6,e06d57f9753e4342b304e4594bff3845
f57d4326627546e7bbd55342721d0122,a5c461bb5f2848d28aabb04f18392cd3,24ba40b8273f4683ad72100451fc046a,744fafba3838400b9329f7107405bea4,ffde07b2c54949a6b6b35d59d5b1fa01,511d0f31c4384295841cfd11c94ef954,8b357e20060146ddba8ab4d42de796a7,21f6d8074a3041078bcbedc281a7ea2c,abdb02fe03c840938fa27cc353bdb80e,422591f8e9da43c58dc8d535205cb5dc,2c3a32934654401bb314cb271cee4e91
f6666524dcde44929f01d9417f779df1,0bd44926440e44c987a41d563f27f410,aecb6652edbf4e6993334fa9569f4f9f,f5c5cb0079ff4a02a93976a45b2a912b,206c71ba91754f1494095ab616a09318,633dc85a59ac4797bdc41b35c3835a51,5b1be1de918e4b09a393adb184caedc4,8fbe92f866f64c80b3a84312727c574e,9e4e7316318b48c48e0c6e736aa6f055,2247975e04f44782846358b4978861a2,2a499efa75014ee88bd2328ed0748d91
f9fa40a2bd7d4ade92052c388e7a7963,69fa39f52c894a15b3b29567ad41e35b,27c7ee14824e45d68fdb56563e116333,5407db7dd3a446c1a502ec0f7f2f1e46,e326fefd4f7d4546bcb3477b704fff0e,9e86ac8df372464584fbbd67b3cb26dc,4dd03d16715a49d98fce909b629115fe,0971a73ee5594b598e8fc8f5774b7def,13341f03627a44eda8e36eab97d7ac14,4038e650bbd14697a1dddbe92d7daf4a,19b59a6a8149445da022f27bdb4bafb0
