image_id,vehicle_id,camera_id,split
041da6b350614bd3a72249f6440cbf6d,1061,6,query
06dc4431f7cb414b97bc01c5efeeca76,1504,90,query
097d9b67d293428481f98048259c61d5,1484,13,query
0db6542c5a2c4382aea954e8189e1b70,1253,43,query
0eb09f752a3b4f6cb883849eeb2cef78,1309,82,query
18cf33a8caae42578406c404f1eb897a,115,69,query
1dae7114d58f4a06b2986ceb55ffe0e7,434,24,query
20df4c2c09dd431a952313ab01c415ee,929,17,query
213a40ece16e4773b0b82772a0b54ab1,807,65,query
220fe1d5bde84226aa0620cf3d6eb6c5,22,22,query
29d12512a9704e889625d5b5e348679d,109,71,query
29f613bcacc84ab59f42e2f906a8ef56,101,85,query
2ca51b43fe89466abb8b240c366693d5,1220,91,query
2fe26b08dd2a4928ac19d01d49a92d39,765,90,query
31c7d77ec1cc4416b70b1129461eb111,1056,56,query
332b481b45464c1390d27b3272af8910,1305,33,query
3435db2cc2be4134ba72905e273d4968,439,51,query
36d070e3e71247ab8c839330ecef0721,1264,25,query
3c780ad3dead4ff1a7dffaef048f5c27,1118,90,query
3d1b6eb30050477f9371d6531dd97d04,1043,19,query
3ee92b3be4e344f8bd02e10f80b4c6e6,61,89,query
3fdb76ee0aa84c0486fd39ffc69b2e54,479,80,query
444848d6d24c44b88538fb0ce5be0790,17,20,query
46c988eefbac489a80cbe8975086e6c3,928,89,query
49e0dc15c48447f3806d59be89766511,884,40,query
52606d6098854959989228b7e4a428e9,265,63,query
5d0cf7ad0e7041b29a73ec7fba672608,800,72,query
5f46aa0ee15d413685c1b541d87c933e,389,68,query
61b963a7bb144e13aad1ebe838bd8a8b,350,21,query
6626aba30ff24b838a52d54b1ab416ac,1036,40,query
66b12faffeec42e7bac0ac656ad1ba96,782,77,query
6b08d570cff14d49a05823008c25ecf5,922,75,query
6d56e158b7be47029609c56d531f2e86,757,90,query
700599a7e37e45cd82c3a59dd24ead31,869,75,query
728be4ade678418380f35f7ec1e39789,1282,24,query
773a78f9467c42fc82a496e8b71ee763,1030,89,query
79a3b7b7fc3a419ea338b78f75d2629d,385,81,query
7cfb742d0faa4c408a28d6df7e4b6948,541,3,query
7e3a9c30522f4dc9be323ad5e5b347fe,100,75,query
7e6033a266ce48ad86c24459ee9f361d,824,33,query
8009223cb26e484ba2bd0acb1c0b3134,7,90,query
900cd9a9acac4995a445f72987b374df,1136,90,query
92c9579956da4be89732b7fab2541619,136,33,query
94af2e7c88ea4fb4bb013b32a47cab5d,110,82,query
99ca18be71514f2f8c8f61cefb31acd2,112,24,query
9cb5b672f4b549c3825be1a865bdceb0,1451,63,query
a25570d747bf4511bd3c48fd67664764,1227,95,query
a3bff3082f354123b6d3e9d2c420ee0f,152,40,query
a491659dfa8241e8b5c9e78a519ea7b4,567,6,query
a4f906b858ae4a92b0016281b248d44f,543,21,query
aa01eb9ae20e4887a620ad80ed7b2407,1013,90,query
ac6eb8be0d84449a8d926b147a9fe276,1338,53,query
ae14e712d07744f6828833db1b2007ac,1460,68,query
b29b574076e14ea391d752d7c35f8459,108,57,query
b2de1269037b42e0ae47b2e1e69d7365,1053,7,query
b31c29a9794a4fab832add97895aa603,616,90,query
b6075657406f404dbe8d0b7a32c5349b,596,92,query
b7c5d7f02658408bb5037adac49d0580,896,63,query
bf57744a4f854360bae25ae492192177,560,10,query
c259f3379c2046afb0e957b87cc07cf3,1034,19,query
c2acbd4ae8c64cd99d847e50e1f1a078,111,89,query
c7b6d66e61d040a187c45c1b27cf7a36,1058,23,query
c896c8cd07ab403dbbff451df2ff55b7,487,77,query
ccdc534c69474aa78f79c5933fbfd6f2,435,51,query
cd21bed727284513accd546eb09528e6,991,18,query
d4768d0fa2c646eeaf6d02569b336399,295,43,query
e34c544a0f494902bec33f69e1621bad,91,89,query
eb9598e6d5894b95b221b24685544769,1379,51,query
f111a20394a640d0967f902530cbd89f,320,82,query
f167f07c1df24ef78e22229824b490af,1111,89,query
f586fd29e9ea44d3be32cb3db5438931,936,62,query
ff38d26dad90464880054814965e5f6f,1443,87,query
ff7ebd403aff47ac9a62e4ae51e4dfdf,848,69,query
0033f099095846a4a614bab9d263f164,716,68,gallery
00b198c9bd9f45079a7bbcd420f09c49,385,90,gallery
0204489acbfc486dbdb02919e0d68942,487,77,gallery
0229c22568454a6da9631c2e550cf912,1230,89,gallery
023151cc58894c64a9030a2d4ade6b36,1230,90,gallery
0251131a56eb4fe284fcca8b412a70aa,1220,89,gallery
0253fd40f9864630b7815af8601e7ec7,109,67,gallery
02e84cdaddd04d1d9dde8af631a3af85,486,89,gallery
03756461aa09425189ac2c8c3464e037,745,51,gallery
03a5c3e214b844eea8c2549f7a58f6bc,1056,35,gallery
0429e2b4be4a4abf9ddc5391c6621fa6,824,83,gallery
044c4c3f4b5e44949ec8aa74f3d56e70,716,77,gallery
045e101c5c7746a9b20e18c862525cbf,486,90,gallery
04b753f14dad4631a0f5f0aa8374e422,1118,43,gallery
04f73884c35d4e5d97976e44a008ae2f,616,89,gallery
0500e22703804ffe85f3061433901b05,125,17,gallery
05c628b564d54a5d817f8560a48e478d,108,36,gallery
05cd40d3848e46d4b5f520fc743be8dd,1118,43,gallery
05d9ddb9799143b49b6650a4a0b66cdb,928,90,gallery
069f3d4962ca4e27a7d02d8e39969958,616,90,gallery
0751c82fee8447bb97273851a90f84fa,249,71,gallery
075e9ed657d44922bc3a7e7d235883a7,1449,20,gallery
076e6d69ad8647d98aa30a8e80db3c8d,869,39,gallery
0894468af2bd4951aca015d4899733d2,1111,90,gallery
09af4d3765f24eeeaec20e8bba819cf1,1263,94,gallery
0a011b0828324bfea00aaa6e2cec7e63,1470,90,gallery
0a129ba8e84e4eb18cd85a8e2ff490f5,1041,63,gallery
0a61df0e4fc54580af7bed1188b6ea8f,7,90,gallery
0ac6ed881ff7408ea27f789032273c16,101,82,gallery
0ad14cb03ee342c9ade03dd4eeb4721f,560,15,gallery
0b332766c60d4613afaf13720f54b1f7,764,71,gallery
0b741dcbeb564891a80ce18d0144a3e4,791,33,gallery
0bb1f23e3f1c4d61925d4ec546969dda,136,19,gallery
0c1bbc631781441683d9799ff86e000d,745,51,gallery
0d1dd7abe90c4bd79a98713cc7b15350,541,10,gallery
0da9d9f3ccf244159faaf2ab74e9ee8e,91,90,gallery
0e194a4676e24c6b997245fbbc4698be,1074,28,gallery
0e4aef7b3cdb4f25bf9a5867100e4165,1338,53,gallery
0edecc145b6e4448ba3b257790090f8f,1531,43,gallery
0ee751f5106747009c997a46919f2367,991,18,gallery
0f15f8a801c44841a80291a0bd094bc3,446,53,gallery
0f42b15b195f411e95dd8ca26975a578,434,1,gallery
1035ffd74ee6409aa34f9e2fe515ca2c,800,19,gallery
103bf3cebaf04e93a185f595337debd4,639,39,gallery
110cdc7f10874efd8521e5081492d88f,1282,24,gallery
113b3a688e3c46f7b6913914c155ee05,1230,89,gallery
11869e5ff68f47a0ae5295cb9f7df349,1227,69,gallery
11c01c158359432ab34bc2450c8febf8,320,85,gallery
12600dde111c4f8488dff25ffbca1b63,670,60,gallery
12ca3434e7534cb88668b67a3e71eede,1386,90,gallery
135860865834427dbb221200b8a580a9,1038,90,gallery
148b14312dca4e979eae3932bbcb1b56,862,90,gallery
1514f494c86748dabdcae2fe3274db14,187,51,gallery
167057c8a07e4d7eadcfd45387e05905,1111,90,gallery
176d2d12c3714dbeaa869f403c3f8ec7,571,86,gallery
18106e23ab744fc88b700b2c79656242,389,68,gallery
1863109a9bf94efa89324c4f3bb22aa7,929,0,gallery
191cb46707924ef882582fd9d7712def,1043,6,gallery
1969efc012234586bd05beb6d6aeb1a1,150,43,gallery
1985c842ea1e4300bbb999e62180477d,818,27,gallery
1a0365d2cebf435b89f0da47e1a249fb,1531,17,gallery
1aaa9ef342274bb7aaf54dcf652dae0c,670,17,gallery
1c1d2c8402344119bd4e8ecff1cafdc1,929,0,gallery
1c4fec4204ec47348962550b4cc8f536,596,89,gallery
1c7dc43548a34525adf4f1dfdce49832,1034,6,gallery
1e3c77b2720e4446a73bec90bfff3d30,936,54,gallery
1ed0a794a95749dab052d5ac4b432a6f,136,33,gallery
1f8ad85baaaa428f8df2e7ff4bc7e864,991,18,gallery
2020ad71f52c4c8b8192afd44eda0eb8,1227,69,gallery
213ad8a7e3834042a8584b5f2c0f1070,869,75,gallery
2297f6d9871c4462a688860c73f733fe,150,43,gallery
237076e0f0f0401eab20c876b2c14ad4,473,89,gallery
2393be97b2774328963a4a9357677ed6,745,1,gallery
24cb4c2da31a4a668ec21b9e9f709bed,1136,89,gallery
25252eb5eb8141dc850a13fc0d1b78ef,1132,91,gallery
25c7c6e3aab24734b958a12b7693807a,991,59,gallery
262f02af267a4127a42fdabbec5e3a3a,824,83,gallery
26569a6d187c449882e5f9ea0f3a4a92,1449,85,gallery
27dd4ea4872346fa999ae452284f5872,446,53,gallery
2925ad406b6341eeb04a41d17365ca35,1034,19,gallery
2940c80441184093b81f3210ec49d487,439,51,gallery
29aac2c6e4eb47fe99d4a5a26e1cdb87,1136,89,gallery
2a069c39f57b439bb8155b6c1ac998ea,295,89,gallery
2a256243b1ac4aa69cf87384f2241f30,480,33,gallery
2a3f82d130fc460a8fc1c6d8d36f0e51,389,70,gallery
2ab695e5cd294e14941bafe4b94cdadf,543,54,gallery
2aed7d0bbebf4ee5995c5822ddbe8054,862,89,gallery
2b14bd1319634eb98f070dc2bc9ee158,862,90,gallery
2b3aa67cd15c404bbda3b827c4f6b428,1132,19,gallery
2ba24605abab4d038afec9a1457997a8,1437,89,gallery
2bb22352192c4fd9a0042f02f452ad59,265,86,gallery
2c0a8e1eadb74646b14e2e8e63778034,1128,68,gallery
2c6fcd6400774022abe11abd97452029,995,64,gallery
2cf4a4c5758b4570a5b7c9dac81cf80e,320,85,gallery
2d0ffd3f70034feaab83898b58cbc094,818,84,gallery
2d1b4653ee8f4aa681caa4580b8019c6,1437,90,gallery
2da2685b7b644d9999974a428c9ea21c,1038,90,gallery
2dde57f6aa754d5c9e494a69ef4c0c77,1041,16,gallery
2e372f399c824622b20528b660f6ca9f,764,11,gallery
2fafa52289574af49e7569cd4fcdc090,807,65,gallery
30175fa502104ab88e7c98baf331e795,487,68,gallery
302bc40edfa94d118a3f4846608a83a6,639,73,gallery
31868bc538f84554bc57a304cf8a72a6,1230,43,gallery
31f591cbdd2843978c6880142344ca55,100,70,gallery
32cd86d5b34248c4bbbf2166020fa9d9,446,60,gallery
338d92631ed646abab42799c7a3475ba,479,80,gallery
33f1ac0badee46e89378e6c62aa6392b,1074,68,gallery
342488bec88b4580b75adc67df2e5800,995,64,gallery
3499d8244d81446f9e171f4d0bd5f17f,100,70,gallery
34f6c80235b14426aec6f73893e6eae0,435,12,gallery
35506ff6fc434f6c9af0cb295409f39f,1379,51,gallery
35d06b4dbebb4bdf8d212d1c16182da7,1484,13,gallery
35e563b5f4bf45a4884c8ab25e986c17,1282,24,gallery
36d16ee50bff4140924f43fb4fafcdcf,249,82,gallery
3772fb73ddca40e694549440a21710e8,616,89,gallery
37def538aafa414b838f1f18ac7bd13a,487,68,gallery
37ed7a0ffbd04d7790e543e5b8775739,1291,71,gallery
385f8946ad5449c5b9393b7bb63aa164,110,82,gallery
39010b4e8e534411bc5723cfdf2c3c78,848,95,gallery
3a6ec98c3948401bb0fee3674657a10e,439,71,gallery
3b78e7ee0e3746678fe0d4c74c5f094b,136,19,gallery
3b8203b927a74294b21f0a3320c521e7,1264,48,gallery
3b901a6cf6a94e169edb109ffc738768,385,90,gallery
3c5ad02d5125455c8904ce34128ebe1f,577,87,gallery
3d2c49091b914b57b1dfdbdbc6472ab1,1128,36,gallery
3ddf286cacab4c3b9424bf865e90051d,1013,36,gallery
3f0d48269c78497da5efdfad403c7ef5,1074,13,gallery
415f4e79af034625a93b37530eca4694,1455,6,gallery
41dcda7070d74802988309324e61ad9b,1443,87,gallery
4234d7c91f814372a8da8633f9ed7ba7,928,89,gallery
42b1c4d5f6d547c9b1196fc91c11272d,480,33,gallery
42c9e413c0874e2bbfd8c1ab55098f70,757,89,gallery
437d8e78ed7349059d4c35c73b9c3af0,385,90,gallery
438c83243eef41449a3bc08b5b9cb7b6,745,1,gallery
442a42a06b6242878a81d130aafcf6f1,1455,6,gallery
444eaca2319f4e7a992d0907359f4e4a,1338,90,gallery
45b83e7ee23645f589a9736fcadb5761,1136,90,gallery
45d1be8eccc4441a80a6a21e077e5749,434,45,gallery
46527d56cfbb422a890a67fc8c4b217f,515,54,gallery
46583a7035e249cc9838abc3a6d5bfe8,443,6,gallery
46f8bbba61f84feebf7f2910565f040c,150,89,gallery
476a5c65076144b98a20f0b0753bb04d,1282,51,gallery
478fc1346ca249ccacc620e431f8763a,995,63,gallery
47c77cd2adfb4d73ad43178a15c42b84,613,19,gallery
47d846fbdb93475e9eecef333fd3ff64,936,81,gallery
47de62a83ad247c086d1ed5027edb745,480,6,gallery
481589412fd945a6ad4425cf73fdc629,1449,90,gallery
4878b8b7acb44524955f91c1dbd11639,639,73,gallery
48aba143886d42deb85f9c7e9f49d0bc,1124,53,gallery
48d92e6c2ce947feb97575a01e167ae5,443,33,gallery
48df6ede045549bdad1086929f84e11c,1449,85,gallery
490d899969a542f993ea13c798fb7bdd,59,68,gallery
496a7fa5601f4d2f82ea2704e7c1c96d,800,19,gallery
49e28049816b4600b9a171023a298a50,1038,90,gallery
4b131dc64ff84fcf940c5e4d2b0a07da,79,90,gallery
4b8d58f2fb5e4d6f9c15ff4004418672,1236,85,gallery
4bb39bfbc4d64337b7379f87452589c2,59,77,gallery
4cf2890f219348d1acffee54ef2386ff,958,83,gallery
4d47b5ec7f0447dba56ef407f2e780da,295,94,gallery
4d4efa55e410415693ca468795bf37cb,884,40,gallery
4d5cac93f3944a6baeb7170d01f8c69d,1386,89,gallery
4d6a72c5b9124aba867e2a62bbb9efb9,435,12,gallery
4d89620139024b2284d51cdad7a29bfc,571,92,gallery
4dc0cb2511bf42f5834a7e85a01bee36,1074,13,gallery
4e03469086f3493eb7030fd213353865,389,77,gallery
4e692cc667e747bdb9e7f7c971dfc685,1195,91,gallery
4ed3c7e8ce9849c98b6f9568b9104ceb,1287,10,gallery
4f00e820815945debf76b5e34a5c4c03,1512,77,gallery
4faf5ced1ad34be192e4de0042fa574a,541,3,gallery
4fea43e3c522406090bcc3e302857ab0,487,68,gallery
4ffeef0e01764ff2bab595851ff86ae5,995,64,gallery
500270bf0eb44861b275cb7357d8410c,791,33,gallery
5025a8432c284b40865a4827ad888712,434,45,gallery
50dd84cf99e44844bf0b2045c1a3190f,125,71,gallery
520be426fc5049c682b1d2c9256ac37a,187,95,gallery
53272e5d17fb43cbb9168d868cb1cf8b,1451,63,gallery
534c0251dcd5432eb33f11d6556d821d,22,38,gallery
545a447adc7b4876ba54c28ac6161dc5,1338,89,gallery
545ab0afb3144d52b3c5f952027c1443,480,6,gallery
54ad976b0d6c4cacb8206bc64f3647d6,617,77,gallery
55020afcf7a844aa80348ecbc95a0c64,487,77,gallery
562b7d67158a47d394a45cb3c97de1fb,869,45,gallery
56416973a5d5410aa10e9249b7281245,515,54,gallery
567308f1e8f54303b855efad0abda16b,1463,74,gallery
56c25f4e8e2946eb815cc6491f2fd7ab,150,90,gallery
56ef648037c1415a8838111aa4f2ebcc,1058,87,gallery
5742f89b6a03431f933f4ecf9d542ec9,125,20,gallery
575571341a404f65a9460655acf96d09,991,59,gallery
575b5f094fec4a748f5ba2caabc3da94,884,27,gallery
575c89d7ca8d40d08b13aedaf2ca5fb9,150,89,gallery
5769521690f54159bbc8d4cd089ba876,108,85,gallery
57768dc82d72416588c8a4617c69acda,265,63,gallery
577af17411244daab773d62dafbbe902,1230,89,gallery
5954de06881e41b796796f766cd6ca57,596,92,gallery
59af67f063764c159d86f3464d5767b1,1531,43,gallery
5a6fa180f5b2416f9910a013bdacc70d,716,68,gallery
5a80fff2b8f94ed0ab80e6086433e434,295,63,gallery
5ab52bb6a33e4c45a8e4b21060110a8d,1338,89,gallery
5ae43dc1c7094d9e97b1a55fd7ac53ba,1484,68,gallery
5b95b33ecfab439998b34138562c68ae,111,89,gallery
5bdfcb0aa36e41f0ae889fabe02a0b5a,596,92,gallery
5c17b2811a904552a6f4171978e56b76,1309,51,gallery
5cd207433c594270a775359c342cfe6d,7,90,gallery
5d262840764a4a239f15638447926c85,320,82,gallery
5e389dc2a528466fb2c87512041f12ba,295,94,gallery
5e553240676d4d238c48ded9ba3ff19c,135,89,gallery
5ec615b8d01345b894a5e6887c00c4b4,1463,74,gallery
5f6646924692441f89e4ffbf6b313311,800,36,gallery
6013f1c6bf504c65b8adb87bdb355ab3,757,89,gallery
612792cf96104dc8896f140f03eecee1,1470,54,gallery
617b66c3624e49f58fe07187d4cfe601,1041,63,gallery
621be2e23e6b40a9bc111fbc52603877,110,20,gallery
6224bf7de30c48adb485849589fa4d57,1230,90,gallery
62c60c3ae90d449a9199e11ed5357a86,80,17,gallery
63925af34b1a459da6c88f91a81db0c7,1036,20,gallery
6393f82566974dd0b8aeff6acc4dda4e,567,33,gallery
63a770bcfe3248e88e08e2368fd2e37b,764,71,gallery
63c46a7730834925b7be2d68e751d282,1463,6,gallery
64017d118a8a40d4818bdfc29999fe8e,936,81,gallery
649f7a353a2349cab8e998ef0ae128d4,100,70,gallery
65e52c2e25d54e61a069389b477d2f9e,1443,7,gallery
65f6968c6d9444d4a268f44ae94675fb,807,65,gallery
669a1934bdb04d6ebbb53c5bf74a4805,1512,77,gallery
66c87925fcb44e3cb69ee120cc7e36fb,1264,80,gallery
674f83e8d78b4f7ba93f45622f350bfd,824,33,gallery
6806f1ac09c543c48ef1afc3eff78a9b,818,15,gallery
682cb161b93f466383ae9f1cb77ffe21,1386,90,gallery
685fe920ee084d78bddf53f0c829b1f9,515,54,gallery
689118cbdbd346f5b548c584675b40d0,1041,16,gallery
68b5601452024228a80a35bd9c78a92f,854,54,gallery
693b346a1f4e4d81bef3e7e20e9a31ed,1338,53,gallery
698fa2c99b934ad7ae226e036cb564bd,150,90,gallery
69a88466629d44ecbdd180f7bea15943,1036,40,gallery
6a29d25058cb438c80bc96c9d24a8629,670,60,gallery
6a6d873aab404acbaeb2fabef64cbe59,108,57,gallery
6ad2fe679bb54beb9344c6d9bc2e7af2,884,62,gallery
6b9d418444fc4db088e06c19b78d73cb,109,71,gallery
6c02ec9bd16a4bc0a884d51622e5a496,764,11,gallery
6c5069c3c2634bc6b1513fb2f9c2e7d3,22,38,gallery
6c9f64e9e9694bf5b40c4be36ba067fc,1263,77,gallery
6d2adbfbce024e2d8ec2dc5ab4459e67,125,71,gallery
6d63690a8bb344e89392ec1b1930906f,567,6,gallery
6dbe4622da8941e380401bd5d59a3ccf,320,20,gallery
6e87bc4933454bd6bb3355cce71e8122,800,72,gallery
6e972300611c4be6902d0467cb97377e,571,92,gallery
6f0eb4f4a4d649b98f5e1ec1b5c460b9,936,62,gallery
6f316015c138472f859be00883175223,446,53,gallery
6f78ec3d545a41e29b4ca423a4dad829,848,95,gallery
6fa744b320e446198720082b21bd6449,157,90,gallery
703b20fdfe3f49f6bca98d3021fa55db,1264,48,gallery
70f1f067995e4c049a5aa51e644384c3,7,89,gallery
716bd30313f344f49485e0492388d5b6,59,77,gallery
721c82bd8b2449b890efc4ad0a916dad,869,45,gallery
725a82ce9aee47c2bca5c2679ad15079,111,89,gallery
72a5995aaea74be59eb2fcad253901ae,1379,12,gallery
72d20d374e8c46e8973243009ee319b1,652,90,gallery
72f6b6a60ecb4455bb2a1e6d1afb33c3,1282,51,gallery
7335d65dd777433485187f345ff05c3f,800,19,gallery
734ac3d34c5845dc8b381cb745be13a2,385,81,gallery
7393b27904c54b48bd5bdfa04fd90b3a,1118,89,gallery
73c198bf27a145dabfeae8c4183daa5c,848,95,gallery
74045bd0093a4586bf4a7a843c7a9c2d,249,82,gallery
74a23a633d664246a342b010187389e9,543,12,gallery
7507f41e971b45c481bce424ab7d4994,1062,90,gallery
751bf9e09ffd438ab2e981da5474dedf,1062,89,gallery
754915af6eef4418a310473d90d9ae6f,91,90,gallery
76cd27b1860741998152ef62d0792269,498,71,gallery
770d98e9eadd458896684fd85b48d321,1136,89,gallery
7744c96114de4414b2b995256c72dbc7,1531,90,gallery
775d0c97c02e4ae7bee0075a56b5065e,818,27,gallery
7773eca40c7347b6baa6b434f9d547f8,22,38,gallery
77af0ec71cfd4268a22a44100f7a8e27,1437,89,gallery
77b2301f8fef444c94c5933b0bfe4cfd,884,27,gallery
78240bdb8afe4737bd83f11303d280da,1058,87,gallery
785b9bd8af75424c8b359e4e35a7fc43,804,37,gallery
7a003f921d5f4cd38fa6a91c24f58b81,1291,38,gallery
7a0bc6de752a44fa90f3388df4a7a949,79,43,gallery
7a2ebec3d937462a83a6519d2e0897de,1451,61,gallery
7aa75e92d37e4efab0547da5527e81bf,515,24,gallery
7ac7d8294e01478c9df97058efb3156c,91,89,gallery
7b2c760b1e2a426593189955e3974176,928,90,gallery
7b853d25fa28459081ba6cd4dd78d746,995,63,gallery
7bf0996284cf465d95fb1ed81b4afb9f,7,89,gallery
7c19f2dd478f445c9d4b3bf8509e5c1e,486,90,gallery
7cacb0af3b49460f91e1436a3007ede7,1118,90,gallery
7d7cf192556042c0812fa4e4474b897b,320,82,gallery
7dc1c08b1aef4c5da100faeaf6de5527,567,6,gallery
7e8b4af9bfc241ca8cd7f5c57c657d32,1253,89,gallery
7ea7ce40fa6c433fa9eeaee4aeac91ca,59,77,gallery
7f29dcc9790c42bf8db62d75f02c1294,1455,7,gallery
7f8c276003ef4a9cafbe3541ad071b80,439,51,gallery
7fb05782d0f74fb0b975def837c615c6,884,27,gallery
7ff4bd5efc584ec199f3e7200681bed3,1379,51,gallery
800f03870dac489993d2e7d84827f52c,1043,6,gallery
803fce3f9da344108ad9b073cbd8d62e,1074,68,gallery
804db47b5e7f42669ad2710142a8e234,157,89,gallery
80525d0460dc4ef0bb7228e4c56d154a,745,12,gallery
80d2329ef3454f8b97e48d8ffd60a6da,1133,80,gallery
819344de619747bfb67263062d253cbb,1118,89,gallery
81a331d08d4e4347b105896360d89bcc,1053,84,gallery
82f7510ed8ee41a0a936176c356d281a,389,70,gallery
837518d296dc48efacf0888dcca15617,807,54,gallery
84179c9f4b5d478fb0ffe4f5efd55ae3,148,21,gallery
8426ad731c4a4f2b822c567b8b073aff,854,54,gallery
8431b110a82f420d89fb3bffafadf74f,1133,80,gallery
84af072ec42040799a92ee76357cf424,152,89,gallery
84bf2ade1c52437eb50f39faa7552509,22,22,gallery
851f1c58595547b9bf8b0d1fe39d650c,1236,82,gallery
853e1abdcae34421be85f9d692a78922,110,85,gallery
854832ca41d74d34aab01572a90a0e45,79,43,gallery
856a3fa4b1de48aca952bf70db8b03fb,1338,90,gallery
85a8fe3cd9e5436481dba2e66a3b78b5,434,65,gallery
85d64ab01c4247f896f010949d96dcc8,108,57,gallery
86a94e2d2c394e3096bbae6001197b35,1118,90,gallery
871f6d30e969485e93460e1871bb7c99,1253,89,gallery
87352d5a19bb49ec9511ab0340bdb84e,1013,36,gallery
87b7acd9363443dd982ff436ef911ac1,1124,12,gallery
881a06256d994af78f3dad1cc0a0d59e,479,63,gallery
88990b7ed4494000ab2a7ab8b8c8d3d0,22,22,gallery
88cfa3e0a07946f88b1f24c2c00965c2,884,7,gallery
88f805ef466c4b18a11a12586ae27cbb,1264,25,gallery
895d9cd8e4ea44bcb5dd4384fb7836ce,389,77,gallery
8988ba308ebf4241bed3dbd1e42de2fe,498,18,gallery
8aee74fb4a3e44719132c0aac68b6c31,190,94,gallery
8af51d476e05418c8074ca94ef17ba24,1124,53,gallery
8b4cdb21dc0149da8bf93ee3380ed13b,807,54,gallery
8b7adab8b8b54735bf20a3a477ba7be8,1053,84,gallery
8bee6118e6184e6a8adf0d85db0a0d5e,473,90,gallery
8c8c932f2a034948a1a6931f9aaf6377,108,85,gallery
8c91bf99ed85469a9a38dadafd196a60,869,39,gallery
8ce2e15dd0104aa3972295a9da53d918,617,77,gallery
8cf011ec0a8c4602a982460c901c5ed3,1220,90,gallery
8d2268b8d7c4428db62ab33c9a92c38c,1220,90,gallery
8d354f2d52fa4df4934dd03b71afbd68,152,40,gallery
8d4c9990d28341d580221d2e8524fa91,1282,51,gallery
8eef70fa18504afeb50970897dac1c3b,320,85,gallery
8f97a4114fe44df7bfa49bd756a7d69b,1443,7,gallery
8f9c1e9624924392ad8e0e2f1fa0b467,1013,36,gallery
90661f059276455283c7a8c0902d3733,435,12,gallery
91b73610a3544a1da8c2ac356a802749,1074,13,gallery
91f30aff2d5240d59c7bcb3d95a014fd,1437,90,gallery
91ff4e3429a64a3da98428e018e3ac9a,1041,56,gallery
938055674a334b8f86650d5313b30b3d,111,90,gallery
939527ad2f6048439cbf5e82541fb94d,152,89,gallery
946112b62a4741b6a96ad68f31768be8,764,71,gallery
954ef59f5884471db82b802e9e79f1ac,1386,90,gallery
9597c7dff3644eb8adc4b202f2f367af,480,6,gallery
96367fb5165c47b38bb02ca54cd84458,389,70,gallery
96728251d8cc47c58327a04d44a272f0,101,85,gallery
96b686f79c8e47e091e513092dbeec24,1338,90,gallery
96ccb70f01bc479bb1dd977d52ee53d2,443,6,gallery
97193f6d4a984869b6b732417295c90d,1220,91,gallery
973c4cf7fd574598a4b23d57d7b4d38e,295,63,gallery
97434eb9aebe4b8282a6220316ff3500,295,94,gallery
97d981297f384150ab0d5cdb7291efaa,190,94,gallery
97edb706d3bf4c12999d64efc2aa48ef,486,90,gallery
981cc022b8014b6cba2af94044f5533b,125,71,gallery
98389adb4425425f83dd216cd6460ff5,613,19,gallery
98802c9760f448a58a4669f9e786f674,652,89,gallery
98ae7825de794c0291b25afee9a5335b,936,81,gallery
996526e23a03475cac26ae90af0f70fc,613,19,gallery
99854cf4f9ab44e8996cc50dedcb670f,295,43,gallery
999af24fc08e4382bda8078ebb78cd24,187,51,gallery
99aae66d9f1d475cb383609ffe0fc016,1451,36,gallery
9a24fd234a1e426a8279e46af9b3a099,101,85,gallery
9a2e79f911cc4260952e19bc3f04ab85,110,20,gallery
9a45b92df7b841e8b9b5deef2f6eb2e3,136,6,gallery
9ac3b635ac324a03ac775d91fcacee51,1512,70,gallery
9b2531e80a2849059fb57e8650756ccc,1236,85,gallery
9bb600b3aadd45f8a12ab338b6237db0,652,90,gallery
9bd955ac93dd4313bbc31ede698554d4,109,71,gallery
9cd3195e9bbd4331b566585403afa2c5,1463,74,gallery
9cd3ca3316d94a0199bbce73aac4ab63,757,90,gallery
9d0862ec79424baeab2c3fde323b336d,1291,31,gallery
9dd1da15834e4d9ba7d0b0e2c19fb570,1291,71,gallery
9e60e938915e477cbbde6d808b97351b,265,63,gallery
9e904bdf5dae4bfcb9b843506982a3b5,1409,33,gallery
9f1782b3fc3c4440a63ad0b8a77db827,613,33,gallery
9f43cceedd4e4692aadefc29553e5a34,7,89,gallery
9f99ac94701f4d499cf2feaece9cd56b,1291,31,gallery
a03cfac8345a433f8708957dfcc008ad,617,68,gallery
a0783657f1bc4f8a9c3ebd554d5680ad,80,11,gallery
a0bbe7fc86fa41d7892b1e89954a796e,80,11,gallery
a194bdec09424595b9dfd64600bae950,991,29,gallery
a20f32e07a5d49dcba63a5b1da821a78,1409,33,gallery
a281da513759437da63913c931b49772,1291,71,gallery
a2dca75f78c94ca7bb021d41fa4a82f4,1409,39,gallery
a49d60ec8075408991ad1d6d6206256a,1058,39,gallery
a4f3bc4cd5ad40298bc22bef2b822e2c,757,89,gallery
a4feca4741eb4d6ab90b781ddf51e631,249,85,gallery
a6298c823fdd4a9cbcfb5338d7c971b3,473,89,gallery
a62c84ee211e4360b7519c6976df11d1,79,90,gallery
a71bd836951d4ba9abc37c8e3ec4df28,1409,39,gallery
a76417e515164243a58d20727e5244c3,111,90,gallery
a7ff0b5ca1db480a96a7c79f26740e72,152,40,gallery
a809c60dfe6b4d8b82522a2a938b350a,958,29,gallery
a85adcc44f524b55ab9367bd2f8e35e0,1220,91,gallery
a899a311333c48de8bad891dd4be1c06,716,77,gallery
a8a27fac6ed747eb8d4825f8d52a945c,1451,36,gallery
a910ffec52a740c5ae4b818c999ba6cf,1512,77,gallery
a91dbc9438d84102a1d6bce217828f16,80,11,gallery
a92e960b3dd64cc2a9acf1191635cb64,869,39,gallery
a93f1043ff4c461fb0dfeb62b9112358,187,95,gallery
a94ffbe36d8b4c12b3a91fdfc03b6c41,265,86,gallery
a964a5e80f374e60b7df9c3ae52af090,818,27,gallery
a9827751f89d465ca64e3a3047e5cbee,884,62,gallery
a9d483e6d60844109bbc5f4f723e4efe,1038,39,gallery
a9d4cf41d0d04118b29824cd994c710a,800,92,gallery
aa442d593f20489f9e53b680ae7b2e89,136,19,gallery
aab33f54b138441eaa0da82cd4824de3,1484,68,gallery
ab84b585b6e146fcb5cf95b9a8cc44b8,1195,1,gallery
abc26a23a9894ed0b34b28f161958470,1111,89,gallery
ac18509223ea4cc4bd90ea8cb864f415,543,46,gallery
ac1b0917499b44768b871fe1e0c42dc7,1379,12,gallery
ac3640fad4b24a15a0d9eb4b64c3f8d4,479,63,gallery
ac451ec8f939434fbfcdf7f3c17c9fb9,1449,82,gallery
ace091a307a64233aed147610fbb7f43,1124,12,gallery
ad626768b96f4593899a6617466d5ff7,1253,43,gallery
ada9e89560ca4022b90625ce1239a5b5,928,89,gallery
adf9714ea2344384b2e3d9df0a7af36e,1062,90,gallery
ae8106e2902441caa44a256311a34b35,187,61,gallery
b047208e960c435fbdef16aeff2649c7,1128,36,gallery
b0b67dcde26f4ab9ad02e59cd707e9ed,446,60,gallery
b0e0405759af404c872c6e914e03d227,577,87,gallery
b107394958b947db8636852ecf2fc76c,652,89,gallery
b1ab49faff0d4dd1818346d8861dcc5c,543,12,gallery
b36b487dd1944c809c692bc412d39f9e,1013,90,gallery
b3dbadfaae0f4a0ea2543f5d04697201,1118,89,gallery
b3efce3d6f634e2fba3fdf7851b9836e,1034,19,gallery
b3f3d5d3ebca4b9abc2955e1940d71d3,479,80,gallery
b4857013dd664a31b904cbaa9568e7e9,1309,51,gallery
b50184f7929a4f67bae3793de6ff432b,1227,69,gallery
b51e2b0f39cb467c82fc6c3a5fe0f228,1470,43,gallery
b565c956a1e5467098fd355dc934bb83,1443,7,gallery
b5c178dbcbad462aa489896807df80c5,1053,7,gallery
b6277349c90540d2acd5cbe337d330c5,435,51,gallery
b6f50b269fdc4f7ab9bd86cef0f5afc9,571,92,gallery
b71a68e3f2a74b8aa5e15157bdd5ace9,498,0,gallery
b73ed27e012c4d99a1081bdac38e353d,936,62,gallery
b772c296c8d442e1bb364bd0b979ba2c,1133,84,gallery
b7b3069ee9e5479bba7d85736465315e,1128,68,gallery
b86f6f1c279d490080ec3805aa7d5793,1038,39,gallery
b8820cbde8a94f2fa3163ad9a60df252,265,86,gallery
b8a30a520bed491bb3147208519ae8f6,928,90,gallery
b8e38b7e31b346e1929344de34bd25ad,613,6,gallery
b92447fad1564f9e949367e5f81b9ce2,80,1,gallery
b92f268bbdd244ea98a4fe99b3edca3a,1287,69,gallery
b94745d05226411994cfd60d42d58c41,515,24,gallery
b99f81d9a2124d0495335e19b01144e3,108,85,gallery
b9d2a234f8ed4beaa83aa46f9c24f8bb,824,83,gallery
ba4e87731c61430e9866372416d07b7c,560,10,gallery
baa63d82c89b4867a8659ec3eb0d3aa5,1058,85,gallery
badab624a2d146a992e90f5e1f2756a6,991,29,gallery
bb0f141675ef41848a3a7f436145fa37,187,17,gallery
bb4b75e8180847979f64f6706b20cfe2,929,0,gallery
bbaeec3f18b9483d9a66264bacad6098,745,1,gallery
bce1558d0f224222a1c3d750217a7ed5,1056,35,gallery
bde4256b5a86460ab21a63ff67d7f908,567,33,gallery
bdea9b65a0294cdda27f7e7d3b9641bb,854,91,gallery
bdf7edd4885448b893bb9f9df079f350,479,63,gallery
be18204e0c854c07a06048c1a928fed9,1128,20,gallery
be762e636f074e43a0950b682ae6f6b5,862,89,gallery
bf08dfa4785747689117517d10c7b3e8,1455,6,gallery
bf4110e65ff748d1bea4fc3ae6adb98b,848,69,gallery
bf698497c4ce4d5683fc5947af7a706a,617,77,gallery
bf97b0602645493881633fccb85f8578,560,15,gallery
c0ce584bdc8e44c29ce8e24e23db5195,716,77,gallery
c137679802714b44a0352cfe50a804d9,1264,80,gallery
c15871d1310247beb381b28f1f8b614f,148,21,gallery
c15c2669a3914c378d728952376c1f97,157,89,gallery
c195e77cc4c5466684903911bd5116c8,187,12,gallery
c1df8730c7ad4a7f8e31182339aa73b9,958,83,gallery
c2bf4b37d85f46bda9de67ea132b87a5,1263,94,gallery
c2c7fd15ca4b4b7baeb7f8bbe17fa787,80,1,gallery
c2d1b32ae9834640927e4e46b1768732,1309,51,gallery
c2ead492232042a2a5c361b9f25954fb,1451,36,gallery
c2f953f708d04749989c220855f56195,1036,40,gallery
c3dd45e54f6c484681f651fdcd008667,567,33,gallery
c43ed911dbaa4445b44040f583b3b1a4,152,89,gallery
c470ecde3aa146589cd8757edfe4582d,639,39,gallery
c490f8d9454249fc879af4915fdae3fd,1227,95,gallery
c552c4fd874c43cdb7aaf8ac22622798,1236,82,gallery
c5b351dcb96a467b86e42f6bd3de6fe6,1470,17,gallery
c5d554ab7949496e9c436ba01849c1b7,1124,12,gallery
c5fe41016fc040869ffc83a01affc571,791,33,gallery
c624d1e2d34b4635bc9b0f5730bae694,135,90,gallery
c660fd4dea8442cca5d3dfe03db0888e,1291,22,gallery
c670cfba25504e3db9f99078cc24fe20,1056,56,gallery
c70e8e7af9364de6b64710b019766580,1124,33,gallery
c77c3297127a4bababf1d186ab97b70c,1043,19,gallery
c7a763f526454b8c8cc1f2c487fa2301,136,6,gallery
c841c802c04d41d49b16d775806adb29,1133,84,gallery
c8788f6368584685bbfd4a801e3aa586,148,24,gallery
c912c797000a414f9dee4d4d1b1a7670,91,89,gallery
c917db5fe3464803aa84f92c8a75c19b,1056,35,gallery
c9514fa2c11f40a8b9197456900e5219,1132,19,gallery
c979bb0d68bd445da1068a92cdfde266,1111,89,gallery
c9b8f402c56b473aa667cc69be7cbcfa,1058,84,gallery
c9e08cadf0e243a2a05d5050de9ea137,757,90,gallery
cca1340c20274e808ab85da90a96ae18,498,18,gallery
cd6712e74b7f4341ac9c85c405cdcf9d,1463,6,gallery
ce06541eb39d4d22b23ca2f707169e39,541,10,gallery
ce41f4b5be944dafa23f7331f2237e75,543,21,gallery
ce9527075ff84c5ebf285a8a1f11d7f6,1264,25,gallery
cede7b85f7e74b6382269d9af9ec6381,1195,91,gallery
cef6c22780674234b77b788ae32375cc,79,43,gallery
cef7f2f2f2514f49a962321b45ac3c33,936,54,gallery
cf4740a0c3ac4054b6d6e941e874a59f,80,1,gallery
cf4ee658b275464ca14bf1e3b3a1eee4,652,89,gallery
cfe3dc5c9544472e9daa9048cdcb96da,1484,68,gallery
d0766639630e4a30b68043b8427dac01,1287,69,gallery
d1197565eb1c44959805367c3372f818,498,0,gallery
d1d837cf754845dda44ccbef44ea3541,617,68,gallery
d21827bf180d466284a287110892e33e,807,54,gallery
d2dbca6a41c04a8485a7dba0f58ae35f,486,89,gallery
d39d1f38b5f740c6802a529814d77923,1136,90,gallery
d3a0466e4693418d97695f1b54dee60b,1058,64,gallery
d3a420a4f78f41469e7bd546973185a6,1034,6,gallery
d4f59fa70301442d86425bb9990e46bf,111,90,gallery
d54a2af738a44a4fb821332f5182c4b3,439,71,gallery
d555460352564e23bacbf10e317d100c,100,75,gallery
d58bc14180aa461982279707f888dc53,135,89,gallery
d609d3c7307e4c99a02ee6236faace91,1443,87,gallery
d61fdaf876744a2cb7bc704d29e9c514,1062,90,gallery
d622af90f62446e7ab6a82648a3974cb,1043,19,gallery
d7a1ae2301e7494697f8ee743634088b,1379,12,gallery
d84d8f92d4ef461ca35bf19c981ab260,1449,82,gallery
d865849009264ea28b75618fc175c608,1263,77,gallery
d8fe665d2fbb4eafbab6e196fc1722d8,1386,89,gallery
d95c43304bbf44809e55907c2de67687,148,24,gallery
d9e0000b048049c791a3efedf2efd640,1220,89,gallery
d9fb2ea834014e7f95c5d2473d00f870,110,20,gallery
da389e8ac8d841699411342df19497c8,1253,89,gallery
da5bfb5faae746ba81ed6e9a5e4bcec7,745,91,gallery
dab3b72a3d464413bba0f22bc794a50c,1074,28,gallery
db0928cae14646e093c03b596bd12110,148,21,gallery
db382c6077c74ea099874c1f1c7aba36,824,33,gallery
dbdce53e3585409bbb0115362d235add,929,17,gallery
dc4eca39e5f14bf1be9b9ac1ad9ef908,249,71,gallery
ddcb99a6db3242d79ca9b8a563da137e,1034,6,gallery
ddf7f91813ff4b24aca7b8665fadbb19,190,94,gallery
de4b5ed9ea51424ea3b4735d54a445a3,616,89,gallery
deb371fa6935451bbc5d6b730402396d,434,24,gallery
dec41c517ce44f2ab27acf30d5b57217,125,20,gallery
df5694e7c26342c3ba779f4f29062449,1043,6,gallery
df6c84aacb7a4ed8a183c6d0decc354d,1230,43,gallery
df9acf1a2b53426bb092968def9674e5,1470,17,gallery
dfe624a02d954399be0816cf3540f7c9,541,10,gallery
dfec793ed659498f9d3953463099f21a,791,82,gallery
e0045857cfd64795bea014e575aa15b6,791,82,gallery
e053f18095ca40dcb5684c47cb694581,824,6,gallery
e0617792310c44d5a552e54311bf3613,804,86,gallery
e1662b4ca58e489d9bafe7514003865b,1449,90,gallery
e1b1b12c4f564f9ab5148df3b7ddae8e,446,60,gallery
e281f1d853924d75af61b5451ae7f347,560,15,gallery
e2f2d3d0380741bba24bc1d4c69a9f3c,101,82,gallery
e30b7490fe2543cbb25c2bf6f427308b,498,0,gallery
e47bc7c6d47c4c6fb306a4a4e1676196,249,82,gallery
e47d1cd5cf8c4c4795488c6dc415940e,1124,6,gallery
e49c5ab3ca5d4ac89ee40d14c8552cc5,1132,91,gallery
e4bc4e02c31948ec94b1f48206277acb,1287,69,gallery
e616a43a6037483b907571f367fd7be3,1062,89,gallery
e63a89a0b04d43daaecfcb759606d638,446,63,gallery
e675c9476ee64c819e79a1b9ced4086a,577,87,gallery
e695f5882aef4fd5b2f0477b657aa4f1,135,90,gallery
e7b8befd77e0432b9a221eac8ff0e7d6,110,85,gallery
e7dcbbeb46ea4fb09984908d7e4a489a,1128,68,gallery
e7f1118f839e4a9a8af3b4e02c89eabf,958,29,gallery
e827d7e84e9c41048428da63e5285193,848,69,gallery
e8386b2a279e44d7bb62454bf80041f9,1512,70,gallery
e872ee1c5b3342cc9cfbfa420a9c7056,1195,1,gallery
e8c34fbf97c044be9005717ba24d8469,443,33,gallery
e8ebcef8c96441cb806edf714f270219,1041,56,gallery
e97c86d4b1754ab1b76bd17490b38f97,804,37,gallery
e994052831f345dd9e9b57a571ce2709,157,90,gallery
e9bb8eea208a46b4b859e0055ee17592,136,6,gallery
ea312e087e5f4af297ebccc776daf052,320,20,gallery
ea530c39b8f2414ba36fe72860c4b888,854,91,gallery
ea590442a5bd4f959b26d08ee9e17cd8,108,36,gallery
ea96cf5695b64754be32d444ce89ebc6,110,82,gallery
ebad4052108f4604b5c929266b57e54f,1236,85,gallery
ebd7c0f75263448d851d1c24c90359ac,1451,61,gallery
ec96156a7b8f4875949a018f50274eb7,1013,90,gallery
ed59011fffa8491087c0b2fb8b4173c9,1455,7,gallery
eefade2eb72f42ef9d8e173f5a767f7e,543,20,gallery
efb256892bd342bdb8e49c7e47fdddb8,764,42,gallery
f0b1526e681a49ed9ea25261d080a313,543,91,gallery
f0c6516f28f3481781c2d64258debc3f,434,5,gallery
f15840fa02444165855a2276cab9e5c4,862,89,gallery
f25f57b4394c4a74ada32dfb4072479c,1128,36,gallery
f289b315a1f342c182a7dc20806640dd,804,37,gallery
f3c639ac7046456a960623b5006b5210,1437,90,gallery
f483fde9f6354fec9d8870cfb13f7a30,1263,77,gallery
f4e982788f2d4032ba2c15834f59abc6,385,81,gallery
f501c948186145ec8e93f239eace3bfb,498,71,gallery
f54f200c1998432ab342ee98cd7f4cfb,1451,61,gallery
f62bfb9acc234772909366f58cb6807d,1264,48,gallery
f723c789224a459ba31bf9af34d91012,1195,91,gallery
f7b63c3a89aa4ea9b8ba6b24383d5389,764,36,gallery
f86ae80a89d54bbaa9ea35d006335208,1484,13,gallery
f8841bb6923b4cdc92b4dff2b9dae49e,613,33,gallery
f8e5e6491bd64416981439764460a350,249,85,gallery
f905d360e08943db87633f726c0c168c,804,86,gallery
f98ce828274941e3be51c8467ecae943,435,51,gallery
fb38ea28fa684b4293056ee6cbf0cbc2,541,3,gallery
fb47ea3bd900409d85d61a00e136f54c,616,90,gallery
fcacc1fc12044a8990d8b4c00f370d90,1041,71,gallery
fcc72ba8f63646ada1b555080a83ff22,1409,33,gallery
fe61b108b5d64fccb5905c0f48387975,1056,56,gallery
fe70a1b0d1ab46bc8fb1674e61125913,854,54,gallery
ff3fae0b07f3419189741d9b799065cb,150,89,gallery
ffa4b07ecb444d6c84de24e73b6be211,101,82,gallery
