image_id,x,y,w,h
00563c215724428cb445900744e61531,124,283,831,510
024fe7192186464684751b6725cbc70d,72,245,754,478
02b48d9e6d764d7fb3845db181a3de34,730,0,479,401
02d2773aeb644bf79325ff2e6bda247c,1179,335,677,430
03117b0fe6814821b2ada2cf8dcf3751,1227,299,547,482
046f9631bc8c4f88bc51abcfe8da3c2d,1168,102,751,517
054a8e0eb22143e5b8a721693b3cceb3,670,361,755,718
05be28256fc74eacbad59ca92d0ecca0,804,0,378,307
06d53809c11d4bd6b03c072b1c9c96d7,731,279,721,563
07f5abe7da8c43498b52e24ff9b2ac43,517,469,571,432
08c692c87e6f4ebeade36d9c66673db0,739,325,1180,649
0971a73ee5594b598e8fc8f5774b7def,741,212,880,528
0af6eaee9275457f8868b80707c59f29,668,286,415,352
0b1792be263947dfb5126e48c9273249,786,326,1133,651
0baaafe2ff8b41369ed7e5d36ba3887b,849,348,820,463
0bab10bf5ad84ef3a56102f36074b940,601,235,765,740
0bb2bcba409048c2947e9705a0d2d22c,390,547,600,397
0bbc330fac4249a5840ca6e986656498,509,374,879,563
0bd44926440e44c987a41d563f27f410,829,487,1044,591
0d295e4357674c03850fe8c03fbef2e8,516,442,1055,542
0d656cc67fd34f3f9fb9e0299390f03e,304,376,704,553
0dcd471374f943e78006098d06d7111c,1164,248,497,350
0e35875033164a7e8fe2aaf7a2a2de71,730,0,476,408
0e6be1d2346e4fd2bc49477d12b6d290,963,261,679,637
0f815c9445b74e3f89c7101ada83433a,659,385,592,445
101d0a71970049ef99fcbec3afa98aca,594,198,1030,758
13341f03627a44eda8e36eab97d7ac14,1230,172,560,447
14467bd96a0f4d319b154441da9b447c,521,482,716,493
15828b22d85a4c638a09b0f90487387b,281,363,512,472
158ef8c1b78948b6b47ebf724412840a,278,192,666,482
1703403fccb44293b1fbc1da13d4b098,338,253,602,497
19b59a6a8149445da022f27bdb4bafb0,345,470,764,483
19ed796e7ae84ab0afb6a737bf0a1dfe,169,286,691,472
19fdabd2420247379741d197e6e7c4ad,1140,348,638,413
1b1b411c6ecb4a08bd7c2bcf0ab4c17c,697,254,844,501
1b8c2f39d8864a4e9d236f76f1ddbd32,742,396,745,465
1bedee5edfdf4584ad354c7c02635851,779,390,585,541
1c7588b54305445cb800f09b8d40b12f,951,10,259,238
1d12f8e88a414b088c6126fb9754456b,71,243,754,481
1d3654b274db48518d6f75b512e55ce4,449,189,786,577
1d4864c2f39b45dd947d050b33e976b2,949,252,693,633
1d5837e49d844d03b918b39704bf9d45,659,425,305,227
1e572dff5c3345abaf289557175be1db,585,73,717,734
1e7bb7d6d45e413086d3ccd95544f109,599,379,736,611
1f42433b66534d31b3ca8f5464c0eef4,135,416,534,414
1fd1825ca391411f987b3f83e02417f5,256,489,616,379
20090dd3037b4df881e7dbe11314e261,571,369,818,463
20150b1d4ab44bf7900be0821a256bc3,742,439,944,533
201688846c8f4f2490c2a706e1a60bc4,726,368,837,518
206c71ba91754f1494095ab616a09318,767,341,600,543
20ea9c9216ed40f5ba7839160ea05ff3,850,3,513,496
214b3eb0aef741b08a61779a44ea35e8,735,442,400,378
21f6d8074a3041078bcbedc281a7ea2c,133,338,523,459
222455c8b5944065b57b3242fcd70d09,778,389,585,542
2247975e04f44782846358b4978861a2,925,309,852,512
23ea5626161f4364b1296af8761303f1,770,271,438,401
2465457400464adfbc9b3a23f68bb61d,1269,385,539,408
24ba40b8273f4683ad72100451fc046a,421,111,561,505
264209a7e43640c38edd8b4296bcd959,163,370,681,461
26cc7dfc562340759677cce84f341278,1,390,874,690
26d4ce8dc4d14d1d8e84784d679d4673,880,225,536,542
276ad03513d049ce9c10c5377089cb6f,1271,462,442,416
278c302460ea4b6885729dad3459ef77,457,271,550,437
27a629fdf0ff4c3da110d6208e9428a3,552,201,796,755
27c7ee14824e45d68fdb56563e116333,356,615,528,381
27dbc99de68f4aa8b928961ebc2dd4e1,421,104,433,395
28247576fb5d4a918d9b156b04951a04,578,129,523,493
2919318807404a7da0a16a3ea593da97,530,426,875,456
2931c3afb1c94b8490215aefa353e4c6,541,471,636,438
29d9f3c544e349b6a64b567c16f52c0c,907,345,594,351
2a353c6ae43b4b99a46da2451024beff,33,290,977,557
2a45ce23767945aba36f9ebcc5656a29,244,303,799,454
2a499efa75014ee88bd2328ed0748d91,1106,19,684,487
2c3a32934654401bb314cb271cee4e91,70,298,897,550
2c92044c672c41faa63ee56b073e72e1,740,440,395,379
2d31edb0089b48b28061ec0f05325db6,108,371,708,421
2eeb795215de4de495cda6dabd500d75,185,130,609,387
31fefc8735d045df9291948f117ec395,509,374,880,564
34815351af784e51a4998200ec073aaf,832,4,515,500
36ed4dba98704f70be3a3896c8050806,343,350,1023,578
371834d162f149aebe95092ba5a0e137,254,476,616,367
3a717ef240b14631821f8cee194b9d77,180,364,815,435
3aaa60bfcf594ab79c61084325b76c51,1049,724,870,356
3b32f71726a74256a8bc1dc944979df8,896,71,864,628
3ccf09f6a119449fb64ca8a374553afa,1017,516,885,335
3d1e305250c24c8589f509170de2c96e,271,427,708,533
3ec359b328074deeb3a08f05fc45753b,129,310,619,397
3f7bfb2395bd4850a6fb02966c9199ec,371,245,698,454
3f8d534b786744aeac2a90565931c4b0,727,376,903,677
4038e650bbd14697a1dddbe92d7daf4a,287,508,947,572
4087f03111264cefbeaa7b7c0ddea964,724,353,947,716
41e367de6ea14be7a4fab9c430c418a0,565,111,807,766
422591f8e9da43c58dc8d535205cb5dc,96,282,886,551
43a4cc3b97f34729ba41707f6f94ec8f,60,463,513,419
43c92f8d1c6948328f06046c6b8bf0a5,450,190,789,576
44385ff4dba9447983081f3cd0d5b88f,54,285,676,594
445c349413b84dfab0e764c9e809abce,724,386,629,525
44fe4096dcc444a4bdd05238e9c09f90,814,226,566,443
471a0ae3e86547858b91298e6648f9b9,820,340,508,432
47a0a9eec4864387a8ccdfbf5616f1f4,553,498,550,426
48cea985aa0a4a6280015a78cf78fc60,745,216,488,504
498de15f44e0434eb4e609a491462adf,372,211,558,409
4a74622af3df447c8c660567ac3a3350,442,412,421,312
4b02c267cfd247f4a5ca2a61307ed2ac,469,305,982,744
4cd5ddf9d2f94144bb86c52c56b8e1cf,577,130,524,490
4d93d896ea3e446b8e63a0697fbbcd22,0,290,570,394
4dd03d16715a49d98fce909b629115fe,358,634,686,421
4efdc6bd87f742e595b77fb01e956754,186,134,607,383
511d0f31c4384295841cfd11c94ef954,1241,347,560,458
514186a4827343f191cd8f9522d2dbef,1132,74,719,510
5179d8fcbddd49bfb5dac5dd385adc92,777,128,845,708
5206b12196d044d2b1d9ab5fda35988b,818,284,508,434
52f3aaf4377246bda0e96acb92e63e70,657,426,305,229
5318fb3fe6ae41e0bea7ca8da5939e2e,552,202,799,753
53f0fcab39cd4bdc99e9113e899a1d25,559,391,944,413
5407db7dd3a446c1a502ec0f7f2f1e46,358,613,526,379
565cc18662074feb94e299900b2eb820,325,23,386,336
56a2c05bfd084a8eb1fe99a58ff6ddc6,283,378,520,466
5865c15e8edd4bcf97803eebc5c3f34b,1052,79,728,513
58edd85d189544458d3217b9abd36860,820,378,345,413
58f7cfb785ee4d149b8128587a410c66,570,364,810,467
59e34b4cf345435baed6431c9dc0ee0c,742,441,392,379
5b1be1de918e4b09a393adb184caedc4,578,260,1280,744
5e65c6dacf3d406db869a2c735160040,908,344,594,353
5e91cdf1bf804e05bccdf85b90a62d25,647,241,617,604
5f61280be22a4bb6afb53cb0359d3504,421,102,434,398
606b4eae12364fc4bcec8152763fdc4e,1057,80,727,520
61056aba884a4530b074d39d46b46dec,1175,91,744,547
61699d23e8194521ba372cd9d61fe577,1196,221,658,421
6214e33cf768413cb557ae5413a4f5d7,818,378,346,413
6277556470f949fc8287fcd51aa18996,160,297,631,455
62d10ccd85814649a70f4a229517ed75,978,131,694,511
633dc85a59ac4797bdc41b35c3835a51,179,0,995,549
64588a11ee9041c8ae3f2bcc02f4b799,157,364,482,456
6566af75e5e64e67b444c369e55875e7,744,440,943,533
6585bf0fd7c54f9ea5d289ec7540e506,584,332,1249,559
69fa39f52c894a15b3b29567ad41e35b,661,552,390,365
6a36c789588c4690a1eea83d49bb2e5e,279,190,666,481
6ac4dc8e417f45f7b92b01d7e82c3a69,948,15,243,200
6c1504a41df94f2b91f7ea581010981c,668,367,750,713
6d0e23b271a9450ba7de768c6ac7fcfe,282,471,623,459
6e442a26be194681af1b7417020f1d76,667,250,395,346
6ecd171bd1634ca4ab8359e884b490b7,832,1,516,499
7101e7a6df774010a0c16881f6aa9c2c,979,137,696,509
721367067d9843f28ede7152d74ea899,307,290,957,514
72e9ce6687bf4e7abca36ac46ced5c7a,1029,478,533,564
736982e49f0f404ca1a45f9e8acc145c,350,284,606,507
738291ad52a14ac8a9818433f4132057,256,304,719,447
744fafba3838400b9329f7107405bea4,1215,347,587,465
74b582dde68f4d368037d3215a2ccde9,296,287,958,531
762a981e62a4491e9ed2f7d5c520844f,477,538,499,405
79f8e8c16543443185f3cb4e10db84e5,558,392,945,415
7b891b71c5f1466e8b67eccd9b9c8d61,1133,374,744,448
7cc96713b08a4870a0d51478416c3148,549,399,527,575
7d062086b95840ed887953a6cddb7b56,1195,221,658,421
7f7df745c917452f9ef1a48d6d568043,593,201,1024,756
803cb74c5b2640d69740fd2d2b785e4f,547,385,518,592
81bf7f7f25974b92a4bcc5e0935c0dac,73,243,752,480
821ad3177b8a4559ae3aaf8f94a59692,671,364,753,716
822dc6c0b63b44e7b51a6a01ac4171ce,1166,89,753,525
82bd98df60fb43bdadeaf4d394682d25,283,470,615,442
82c36620a85d4f77afb5f980a5dbc677,831,4,566,517
82f3d81ca2df470b8cfd8b5058436448,375,267,632,444
8341143efbb1437d8fbc3f744ef356c6,118,237,673,498
84337568eb5c48d5af05b653959dd02c,1120,99,754,475
845ce4c5de43478fbba3e17a1f7f2cf5,658,424,304,229
846ab3b9ccbb493dacb72c748c30f805,451,444,729,447
859193f0ffd44974b31b3dc5f643dbea,872,422,761,359
85a89d63081346c9a838dda6b3c98cfd,129,312,620,395
8616205644174cccab53bf321bc5e38f,164,364,627,468
8629f7085b374ac7b2d2982c9467335d,490,515,960,479
86b2edf9aa664c84a8b466fbbf3c2fbc,725,158,364,406
8703c3b0ea744b8b8e8fc337fd7e2260,195,188,755,620
8773f485149b498390b156b2fe875dec,727,374,903,679
87bfbf015abf4285a2ed188233566d73,730,387,623,520
88882cc5930841bab9731a2da9c33f8a,988,66,767,634
89dacd2cb0be4b2fb92816093d1f03f2,726,156,365,408
89dd6a52ebe34d2f83dffec9740acd83,808,2,416,443
8b357e20060146ddba8ab4d42de796a7,573,137,667,651
8c82e9ba69b14867ae1ee5380c8dbf9c,773,223,572,462
8cf05f3d5ccd48b2a390a0fd147d7655,1165,251,495,348
8f76ce7b604a46d3b520cc09545b075f,451,444,729,447
8fbe92f866f64c80b3a84312727c574e,344,349,1022,580
8fe9d441dd224571a5c1f5b571499057,734,0,597,521
90e78f4ad14845c9a8393d683895e510,918,435,696,390
92fb76c0c3f84bf29a2a313c7ebb6a53,486,516,964,478
930987d1cef644e38131ee1e1c51b2f7,712,182,422,378
9599c76fb64c459cad117ccf94b6cb0d,798,1,428,441
96193706d2674e38a500fcac5a328fef,0,311,364,415
9733660511d94e6b93d23c006f76c678,763,118,903,632
979e79df235845b5a3353674ebe71b43,542,468,637,440
97dd9547988e4f07b843f7e5db923531,169,285,691,473
984b630abffc47c0ae53f532ff14a9e5,713,179,422,381
9916c10e424d4bc59c7bb9e0b5c0b188,119,230,673,501
991f1aafa7dc4d4699363628c1c4be1d,768,361,836,526
9925854d2e48431381ca66f36b4ce0e3,147,173,685,629
9a1e0afd4b314f339210629babd2ef3a,180,369,1073,435
9d66c4251fbf48b88a6d9ab15ed44f9e,375,271,632,440
9d80e183006642e4a94d08ba36a8bb74,975,517,363,363
9d96fd2586f3483080e057046bb01c8f,1,390,872,690
9da53ad45b134477ae27a37d02b4fe00,1085,102,675,480
9e4e7316318b48c48e0c6e736aa6f055,336,275,861,621
9e62b4efeead456eb59c54cdd4d50a9d,1,222,1122,600
9e686720ec78468abdc87b2ac44a96c4,433,352,751,670
9e86ac8df372464584fbbd67b3cb26dc,740,212,879,527
a0fc853538a74985beaef9e3fd6fbd2e,1,226,1117,603
a15b5f02bd7946578adb79b8470bae19,494,79,592,463
a230e02ca1ea44f1aff23743dc20a034,745,216,489,503
a2ff9505231f4803adf4df81cb6a018c,626,389,377,388
a3d6b81447a145d09118ef36ac5dfc33,400,485,618,348
a4c978eaff21448994c2716907de3ca8,215,338,1078,742
a5c461bb5f2848d28aabb04f18392cd3,55,185,831,507
a68633d690184f8c9604aee911601f28,1194,327,674,437
a6ed012192b24d04b4b0f424955adf83,600,229,765,746
a76c648b5cb443a4912f970d74f4b494,243,322,800,450
a857940c2a36414fb86afd6fed325256,969,349,769,506
abdb02fe03c840938fa27cc353bdb80e,89,283,902,553
ae98ffed72384a1fb6edbba6a5a7be14,1090,101,676,477
aecb6652edbf4e6993334fa9569f4f9f,520,286,761,520
af52f18a9cb54c43b85698ca46a22bf1,1122,164,637,452
af9007933baf4c93964ce40eadff5f34,582,75,866,731
b0576330900646d5b732fd32c94b9b8c,1235,463,478,407
b0b4c711968342649155226e37ecc60d,170,364,627,469
b0db50c5598b4f31a11dc75c2e847144,260,293,721,440
b15f909856b141f6b1b767de9d3c3578,575,317,1260,563
b1ce622fbcf94a25a3e4648ac357dc85,762,112,905,639
b1ea10c9e6b04cca88b7775b87f0b6e0,1071,243,591,437
b20c9f3c1930406a96828958fe9f7d00,1135,388,742,434
b4493518a7654d2fb2c3411ac6d3ec19,822,389,706,469
b4bc85c0be3f43aa86ce1a1272637e05,1268,383,541,410
b4c8970e11ce40bb8fbe1473fbd6349f,1233,462,479,405
b51dfdbb9fc247bb81f9b706e90c608a,671,372,608,423
b63df0372bbe41c2a0e9e4d46b750555,744,436,911,537
b6e086b28f3b4cc584d93b78d9dd6ad3,183,363,1071,440
b72e9734178b49a19c06daaf9267d2d4,873,196,745,549
ba1e1308088b463c8bf5ec3eb1fe4c3c,803,400,745,465
bb1c96bdd3c74a2d90c994e404c1f92f,555,226,771,577
bba6cf55cfb44df7b16aa90994aa7c46,626,400,375,384
bd32513a14254a75bd09eeb0131b5797,0,114,439,370
be639f64ae5140abbb2eff44be6b6651,726,156,364,408
bec6e99d1ca5489e9ee86f6271816f16,560,391,943,413
befdcdce3b2242199f98066654607841,590,403,898,498
bf17987b15d44a0daf12691c10f5d1aa,1138,350,637,409
c149bb9deea64c22b03954cf4ec4cd73,820,389,708,469
c308b2fe610d4b199a409b6e136f6d6c,832,3,566,520
c362150fc995496089babc42c933c531,712,181,426,378
c3fcb445bcbe4570ac3bfbbb5b48ed1b,633,263,781,579
c513273b54204641bea6f714b203b313,0,225,1120,606
c75feb1093c449e491b450ad732fadc7,1225,298,545,479
c81584a2cd5c4af585031177e3b20cbe,252,481,746,493
c8449e5feabc4e159966bd48ac240e1c,448,188,787,580
c918d5cd600343b09fe5b8b3f77a715e,161,362,846,490
cb242ec355eb4827a903ac24248da099,429,209,888,584
cb25a519e0254581880702f97dd30904,1017,515,886,335
cba39f81180645279c9f3378a77b8714,763,114,904,634
cbf2e65239a349a098e6e8b764ef0805,239,502,798,506
cdfa46bf020c4efd987a354685a37a80,591,397,897,502
ce3b3514b838466f911190e40ef9feec,852,366,651,485
ce863f7920704f9b9894ab6863d191c7,869,591,915,471
ce8f613bca4b47848f876c6c6b36ad1f,736,0,596,520
cf23465f61fd443bab4c6eceec40775e,251,338,720,406
cf665e73c33c4f0b8bec3e1ade2871ce,442,413,421,311
cfbaaab5684149c79ea0981c8e6b20b9,652,249,667,597
d0597046e5804634acf2737d7a07c760,959,432,694,390
d09cafc7824249ff8b9296746e43e06d,779,129,841,707
d0ab089f96254e589345c8469d982a7a,771,269,437,399
d0e7164cfb9c46a2b267b040008f7578,161,350,846,500
d1918a15d9294ec4a1da0b0eff42ee01,502,214,727,513
d42d986a8667493c8d53e6fa859b84e7,661,385,591,443
d47a3ab303bd446f8044d265fc02c4d9,952,11,238,199
d5110abe882f4001a5c092f614b19e33,1175,92,744,548
d58dca3f397f42f8a498366e919834c7,125,283,829,510
d6f0c90ca1be45889776f7d14b207f79,694,525,381,328
d7b41b3e3e4641278e4d7b60c32b67e1,287,351,899,669
d8bc9c71160346c18087a654cc50b8db,557,224,637,784
d8d7b294c4bf45b28b61be878e5996d6,1135,62,718,536
d94773d69ddd48d996f87591bf022775,336,274,873,624
d9a5e7d9a63f41dfb2a1471e0410d729,550,492,552,428
d9f1664746924a4b9e55e7b6e5db6d95,558,250,634,781
dc841e175ba4409cb997f00c9c6a428d,1223,296,547,480
dcc29f047aac449f85cbf8dff7111c08,194,189,755,603
dd15337a5074415e8d41297f36c50085,0,293,570,395
de53af4ab7da4939ab51b90ff10fe83d,714,246,753,575
de5d13ccb7e64c0b9a865cfb661b9853,199,195,752,605
e05c7e8f8d364b00be5a74eec20e8061,1357,130,561,398
e06d57f9753e4342b304e4594bff3845,813,227,567,442
e1655c66d2c540ffbaf87cb2656e503b,554,217,632,780
e173b665b18b463399ef9398fe19bbfb,1134,62,718,536
e244d59d3687472b8a3ca9c482c96a51,706,295,843,502
e2932a81f05b4e37b3342978a9bede22,215,423,868,491
e326fefd4f7d4546bcb3477b704fff0e,356,614,529,381
e3c2661bdb9d4aa287a09c858eec4679,435,477,604,343
e3f4520b1f3b412b9b534bcc46be3b75,921,432,695,388
e40a24da40c944138b95193a43d2ef0e,706,294,844,503
e5ad48537d934b81b5efdbfe059d82c5,1168,93,751,524
e5b042998c374a479da63d501c8be25f,553,499,550,431
e63cb2a1109d494fa9a28902a789969c,768,268,438,399
e6bc10a6c17b495baead82cd7c23cf19,843,3,415,453
e725afe7d0e34925a9aa76bafe4360ab,732,287,721,552
ea361cc2a9714c7680bcd254512dff64,1116,160,642,450
eabcfd6ce227405a9ffa4d79494a0be0,653,389,588,441
ead43350203d4c828522c62b01b05257,870,25,980,684
eb32ca278df1482198dcc6c9e33b19be,1138,350,637,411
ebf016562f9a4c55984e1e70e3dc1c24,846,396,972,524
ed445a5071eb4b53a893d6b6adf06d8e,872,402,691,379
ed90c9732ed34546a0a5616d2ae1f3de,579,423,827,458
ee9046219a974e61bdb8cb27909fee5f,488,408,920,578
f0e4012490394891a099fcab0ab31987,662,213,784,616
f3625be67dc0432cb2926ac373eaf4d2,385,249,697,452
f3cad03791414b859d612d78789bd496,161,291,679,460
f4c8ee207c204a95addece4f19d467f4,415,362,764,717
f5c5cb0079ff4a02a93976a45b2a912b,520,285,760,521
f6fa18ca9f31454a9caa61dd1167fa90,57,467,513,422
f704bcc23c124b6c8b1ff1bc6d497a23,745,216,487,503
f776ff5b53514c0f8a697f00a37d71e0,105,366,710,428
fad2a40e4c85458d981618c41e4de6b2,778,202,570,499
fb363167599d49218191b691016812eb,246,316,794,452
fb486d3a516d4b8d8dacae22fc0c81d2,590,404,898,497
fbf2ed525da44d3da4f45de49b276a44,416,363,765,716
fbf7637350b14ce0b89072f1fb508db5,977,136,696,508
fc265073bee5421cb7ed40a661459f19,777,282,658,510
fde56012a09c4aa3a44da6469699df70,223,416,859,493
ffc33adbec164c61bbf23a3a0c3b1731,431,329,946,718
ffde07b2c54949a6b6b35d59d5b1fa01,1238,349,561,463
